0 verbose cli /usr/local/bin/node /usr/local/bin/npm
1 info using npm@11.6.1
2 info using node@v24.11.0
3 silly config load:file:/usr/local/lib/node_modules/npm/npmrc
4 silly config load:file:/Users/franciscotaveira.ads/Documents/antigravity-kit/LUNA_OS/frontend/.npmrc
5 silly config load:file:/Users/franciscotaveira.ads/.npmrc
6 silly config load:file:/usr/local/etc/npmrc
7 verbose title npm install
8 verbose argv "install" "--cache" "./.npm-local-cache" "--prefer-offline"
9 verbose logfile logs-max:10 dir:/Users/franciscotaveira.ads/Documents/antigravity-kit/LUNA_OS/frontend/.npm-local-cache/_logs/2026-02-26T03_07_20_340Z-
10 verbose logfile /Users/franciscotaveira.ads/Documents/antigravity-kit/LUNA_OS/frontend/.npm-local-cache/_logs/2026-02-26T03_07_20_340Z-debug-0.log
11 silly logfile done cleaning log files
12 silly packumentCache heap:2348810240 maxSize:587202560 maxEntrySize:293601280
13 silly idealTree buildDeps
14 silly fetch manifest @tanstack/react-query@^5.17.9
15 silly packumentCache full:https://registry.npmjs.org/@tanstack%2freact-query cache-miss
16 http fetch GET 200 https://registry.npmjs.org/npm 700ms
17 http fetch GET 200 https://registry.npmjs.org/@tanstack%2freact-query 1355ms (cache miss)
18 silly packumentCache full:https://registry.npmjs.org/@tanstack%2freact-query set size:undefined disposed:false
19 silly fetch manifest react@18.2.0
20 silly packumentCache full:https://registry.npmjs.org/react cache-miss
21 http fetch GET 200 https://registry.npmjs.org/react 1010ms (cache miss)
22 silly packumentCache full:https://registry.npmjs.org/react set size:undefined disposed:false
23 silly fetch manifest axios@^1.6.5
24 silly packumentCache full:https://registry.npmjs.org/axios cache-miss
25 http fetch GET 200 https://registry.npmjs.org/axios 134ms (cache miss)
26 silly packumentCache full:https://registry.npmjs.org/axios set size:undefined disposed:false
27 silly fetch manifest clsx@^2.1.0
28 silly packumentCache full:https://registry.npmjs.org/clsx cache-miss
29 http fetch GET 200 https://registry.npmjs.org/clsx 249ms (cache miss)
30 silly packumentCache full:https://registry.npmjs.org/clsx set size:undefined disposed:false
31 silly fetch manifest date-fns@^3.3.1
32 silly packumentCache full:https://registry.npmjs.org/date-fns cache-miss
33 http fetch GET 200 https://registry.npmjs.org/date-fns 470ms (cache miss)
34 silly packumentCache full:https://registry.npmjs.org/date-fns set size:undefined disposed:false
35 silly fetch manifest framer-motion@^11.18.2
36 silly packumentCache full:https://registry.npmjs.org/framer-motion cache-miss
37 http fetch GET 200 https://registry.npmjs.org/framer-motion 547ms (cache miss)
38 silly packumentCache full:https://registry.npmjs.org/framer-motion set size:undefined disposed:false
39 silly fetch manifest @emotion/is-prop-valid@*
40 silly packumentCache full:https://registry.npmjs.org/@emotion%2fis-prop-valid cache-miss
41 http fetch GET 200 https://registry.npmjs.org/@emotion%2fis-prop-valid 590ms (cache miss)
42 silly packumentCache full:https://registry.npmjs.org/@emotion%2fis-prop-valid set size:undefined disposed:false
43 silly fetch manifest react-dom@18.2.0
44 silly packumentCache full:https://registry.npmjs.org/react-dom cache-miss
45 http fetch GET 200 https://registry.npmjs.org/react-dom 199ms (cache miss)
46 silly packumentCache full:https://registry.npmjs.org/react-dom set size:undefined disposed:false
47 silly fetch manifest lucide-react@^0.312.0
48 silly packumentCache full:https://registry.npmjs.org/lucide-react cache-miss
49 http fetch GET 200 https://registry.npmjs.org/lucide-react 309ms (cache miss)
50 silly packumentCache full:https://registry.npmjs.org/lucide-react set size:undefined disposed:false
51 silly fetch manifest next@14.1.0
52 silly packumentCache full:https://registry.npmjs.org/next cache-miss
53 http fetch GET 200 https://registry.npmjs.org/next 502ms (cache miss)
54 silly packumentCache full:https://registry.npmjs.org/next set size:undefined disposed:false
55 silly fetch manifest @opentelemetry/api@^1.1.0
56 silly packumentCache full:https://registry.npmjs.org/@opentelemetry%2fapi cache-miss
57 http fetch GET 200 https://registry.npmjs.org/@opentelemetry%2fapi 648ms (cache miss)
58 silly packumentCache full:https://registry.npmjs.org/@opentelemetry%2fapi set size:undefined disposed:false
59 silly fetch manifest sass@^1.3.0
60 silly packumentCache full:https://registry.npmjs.org/sass cache-miss
61 http fetch GET 200 https://registry.npmjs.org/sass 310ms (cache miss)
62 silly packumentCache full:https://registry.npmjs.org/sass set size:undefined disposed:false
63 silly fetch manifest recharts@^2.10.4
64 silly packumentCache full:https://registry.npmjs.org/recharts cache-miss
65 http fetch GET 200 https://registry.npmjs.org/recharts 655ms (cache miss)
66 silly packumentCache full:https://registry.npmjs.org/recharts set size:undefined disposed:false
67 silly fetch manifest swr@^2.4.0
68 silly packumentCache full:https://registry.npmjs.org/swr cache-miss
69 http fetch GET 200 https://registry.npmjs.org/swr 264ms (cache miss)
70 silly packumentCache full:https://registry.npmjs.org/swr set size:undefined disposed:false
71 silly fetch manifest tailwind-merge@^2.2.1
72 silly packumentCache full:https://registry.npmjs.org/tailwind-merge cache-miss
73 http fetch GET 200 https://registry.npmjs.org/tailwind-merge 247ms (cache miss)
74 silly packumentCache full:https://registry.npmjs.org/tailwind-merge set size:undefined disposed:false
75 silly fetch manifest @types/node@^20
76 silly packumentCache full:https://registry.npmjs.org/@types%2fnode cache-miss
77 http fetch GET 200 https://registry.npmjs.org/@types%2fnode 160ms (cache miss)
78 silly packumentCache full:https://registry.npmjs.org/@types%2fnode set size:undefined disposed:false
79 silly fetch manifest @types/react@^18
80 silly packumentCache full:https://registry.npmjs.org/@types%2freact cache-miss
81 http fetch GET 200 https://registry.npmjs.org/@types%2freact 545ms (cache miss)
82 silly packumentCache full:https://registry.npmjs.org/@types%2freact set size:undefined disposed:false
83 silly fetch manifest @types/react-dom@^18
84 silly packumentCache full:https://registry.npmjs.org/@types%2freact-dom cache-miss
85 http fetch GET 200 https://registry.npmjs.org/@types%2freact-dom 885ms (cache miss)
86 silly packumentCache full:https://registry.npmjs.org/@types%2freact-dom set size:undefined disposed:false
87 silly fetch manifest autoprefixer@^10.0.1
88 silly packumentCache full:https://registry.npmjs.org/autoprefixer cache-miss
89 http fetch GET 200 https://registry.npmjs.org/autoprefixer 614ms (cache miss)
90 silly packumentCache full:https://registry.npmjs.org/autoprefixer set size:undefined disposed:false
91 silly fetch manifest postcss@^8
92 silly packumentCache full:https://registry.npmjs.org/postcss cache-miss
93 http fetch GET 200 https://registry.npmjs.org/postcss 309ms (cache miss)
94 silly packumentCache full:https://registry.npmjs.org/postcss set size:undefined disposed:false
95 silly fetch manifest tailwindcss@^3.3.0
96 silly packumentCache full:https://registry.npmjs.org/tailwindcss cache-miss
97 http fetch GET 200 https://registry.npmjs.org/tailwindcss 463ms (cache miss)
98 silly packumentCache full:https://registry.npmjs.org/tailwindcss set size:undefined disposed:false
99 silly fetch manifest typescript@^5
100 silly packumentCache full:https://registry.npmjs.org/typescript cache-miss
101 http fetch GET 200 https://registry.npmjs.org/typescript 208ms (cache miss)
102 silly packumentCache full:https://registry.npmjs.org/typescript set size:undefined disposed:false
103 silly placeDep ROOT @tanstack/react-query@5.90.21 OK for: luna-dashboard@2.0.0 want: ^5.17.9
104 silly placeDep ROOT react@18.2.0 OK for: @tanstack/react-query@5.90.21 want: ^18 || ^19
105 silly placeDep ROOT @types/node@20.19.34 OK for: luna-dashboard@2.0.0 want: ^20
106 silly placeDep ROOT @types/react@18.3.28 OK for: luna-dashboard@2.0.0 want: ^18
107 silly placeDep ROOT @types/react-dom@18.3.7 OK for: luna-dashboard@2.0.0 want: ^18
108 silly placeDep ROOT autoprefixer@10.4.27 OK for: luna-dashboard@2.0.0 want: ^10.0.1
109 silly placeDep ROOT postcss@8.5.6 OK for: autoprefixer@10.4.27 want: ^8.1.0
110 silly placeDep ROOT axios@1.13.5 OK for: luna-dashboard@2.0.0 want: ^1.6.5
111 silly placeDep ROOT clsx@2.1.1 OK for: luna-dashboard@2.0.0 want: ^2.1.0
112 silly placeDep ROOT date-fns@3.6.0 OK for: luna-dashboard@2.0.0 want: ^3.3.1
113 silly placeDep ROOT framer-motion@11.18.2 OK for: luna-dashboard@2.0.0 want: ^11.18.2
114 silly placeDep ROOT lucide-react@0.312.0 OK for: luna-dashboard@2.0.0 want: ^0.312.0
115 silly placeDep ROOT next@14.1.0 OK for: luna-dashboard@2.0.0 want: 14.1.0
116 silly placeDep ROOT react-dom@18.2.0 OK for: next@14.1.0 want: ^18.2.0
117 silly placeDep ROOT recharts@2.15.4 OK for: luna-dashboard@2.0.0 want: ^2.10.4
118 silly placeDep ROOT swr@2.4.0 OK for: luna-dashboard@2.0.0 want: ^2.4.0
119 silly placeDep ROOT tailwind-merge@2.6.1 OK for: luna-dashboard@2.0.0 want: ^2.2.1
120 silly placeDep ROOT tailwindcss@3.4.19 OK for: luna-dashboard@2.0.0 want: ^3.3.0
121 silly placeDep ROOT typescript@5.9.3 OK for: luna-dashboard@2.0.0 want: ^5
122 silly fetch manifest @tanstack/query-core@5.90.20
123 silly packumentCache full:https://registry.npmjs.org/@tanstack%2fquery-core cache-miss
124 silly fetch manifest loose-envify@^1.1.0
125 silly packumentCache full:https://registry.npmjs.org/loose-envify cache-miss
126 silly fetch manifest undici-types@~6.21.0
127 silly packumentCache full:https://registry.npmjs.org/undici-types cache-miss
128 silly fetch manifest csstype@^3.2.2
129 silly packumentCache full:https://registry.npmjs.org/csstype cache-miss
130 silly fetch manifest @types/prop-types@*
131 silly packumentCache full:https://registry.npmjs.org/@types%2fprop-types cache-miss
132 silly fetch manifest browserslist@^4.28.1
133 silly packumentCache full:https://registry.npmjs.org/browserslist cache-miss
134 silly fetch manifest caniuse-lite@^1.0.30001774
135 silly packumentCache full:https://registry.npmjs.org/caniuse-lite cache-miss
136 http fetch GET 200 https://registry.npmjs.org/undici-types 79ms (cache miss)
137 silly packumentCache full:https://registry.npmjs.org/undici-types set size:undefined disposed:false
138 silly fetch manifest fraction.js@^5.3.4
139 silly packumentCache full:https://registry.npmjs.org/fraction.js cache-miss
140 http fetch GET 200 https://registry.npmjs.org/loose-envify 274ms (cache miss)
141 silly packumentCache full:https://registry.npmjs.org/loose-envify set size:undefined disposed:false
142 silly fetch manifest picocolors@^1.1.1
143 silly packumentCache full:https://registry.npmjs.org/picocolors cache-miss
144 http fetch GET 200 https://registry.npmjs.org/csstype 280ms (cache miss)
145 silly packumentCache full:https://registry.npmjs.org/csstype set size:undefined disposed:false
146 silly fetch manifest postcss-value-parser@^4.2.0
147 silly packumentCache full:https://registry.npmjs.org/postcss-value-parser cache-miss
148 http fetch GET 200 https://registry.npmjs.org/browserslist 287ms (cache miss)
149 silly packumentCache full:https://registry.npmjs.org/browserslist set size:undefined disposed:false
150 silly fetch manifest nanoid@^3.3.11
151 silly packumentCache full:https://registry.npmjs.org/nanoid cache-miss
152 http fetch GET 200 https://registry.npmjs.org/fraction.js 342ms (cache miss)
153 silly packumentCache full:https://registry.npmjs.org/fraction.js set size:undefined disposed:false
154 silly fetch manifest picocolors@^1.1.1
155 silly packumentCache full:https://registry.npmjs.org/picocolors cache-miss
156 http fetch GET 200 https://registry.npmjs.org/@types%2fprop-types 495ms (cache miss)
157 silly packumentCache full:https://registry.npmjs.org/@types%2fprop-types set size:undefined disposed:false
158 silly fetch manifest source-map-js@^1.2.1
159 silly packumentCache full:https://registry.npmjs.org/source-map-js cache-miss
160 http fetch GET 200 https://registry.npmjs.org/picocolors 225ms (cache miss)
161 silly packumentCache full:https://registry.npmjs.org/picocolors set size:undefined disposed:false
162 silly fetch manifest form-data@^4.0.5
163 silly packumentCache full:https://registry.npmjs.org/form-data cache-miss
164 http fetch GET 200 https://registry.npmjs.org/picocolors 121ms (cache miss)
165 silly packumentCache full:https://registry.npmjs.org/picocolors set size:undefined disposed:false
166 silly fetch manifest proxy-from-env@^1.1.0
167 silly packumentCache full:https://registry.npmjs.org/proxy-from-env cache-miss
168 http fetch GET 200 https://registry.npmjs.org/postcss-value-parser 264ms (cache miss)
169 silly packumentCache full:https://registry.npmjs.org/postcss-value-parser set size:undefined disposed:false
170 silly fetch manifest follow-redirects@^1.15.11
171 silly packumentCache full:https://registry.npmjs.org/follow-redirects cache-miss
172 http fetch GET 200 https://registry.npmjs.org/nanoid 262ms (cache miss)
173 silly packumentCache full:https://registry.npmjs.org/nanoid set size:undefined disposed:false
174 silly fetch manifest tslib@^2.4.0
175 silly packumentCache full:https://registry.npmjs.org/tslib cache-miss
176 http fetch GET 200 https://registry.npmjs.org/form-data 299ms (cache miss)
177 silly packumentCache full:https://registry.npmjs.org/form-data set size:undefined disposed:false
178 silly fetch manifest motion-dom@^11.18.1
179 silly packumentCache full:https://registry.npmjs.org/motion-dom cache-miss
180 http fetch GET 200 https://registry.npmjs.org/@tanstack%2fquery-core 808ms (cache miss)
181 silly packumentCache full:https://registry.npmjs.org/@tanstack%2fquery-core set size:undefined disposed:false
182 silly fetch manifest motion-utils@^11.18.1
183 silly packumentCache full:https://registry.npmjs.org/motion-utils cache-miss
184 http fetch GET 200 https://registry.npmjs.org/proxy-from-env 778ms (cache miss)
185 silly packumentCache full:https://registry.npmjs.org/proxy-from-env set size:undefined disposed:false
186 silly fetch manifest busboy@1.6.0
187 silly packumentCache full:https://registry.npmjs.org/busboy cache-miss
188 http fetch GET 200 https://registry.npmjs.org/motion-utils 513ms (cache miss)
189 silly packumentCache full:https://registry.npmjs.org/motion-utils set size:undefined disposed:false
190 silly fetch manifest postcss@8.4.31
191 silly packumentCache full:https://registry.npmjs.org/postcss cache-miss
192 http fetch GET 200 https://registry.npmjs.org/tslib 771ms (cache miss)
193 silly packumentCache full:https://registry.npmjs.org/tslib set size:undefined disposed:false
194 silly fetch manifest @next/env@14.1.0
195 silly packumentCache full:https://registry.npmjs.org/@next%2fenv cache-miss
196 http fetch GET 200 https://registry.npmjs.org/source-map-js 832ms (cache miss)
197 silly packumentCache full:https://registry.npmjs.org/source-map-js set size:undefined disposed:false
198 silly fetch manifest styled-jsx@5.1.1
199 silly packumentCache full:https://registry.npmjs.org/styled-jsx cache-miss
200 http fetch GET 200 https://registry.npmjs.org/motion-dom 528ms (cache miss)
201 silly packumentCache full:https://registry.npmjs.org/motion-dom set size:undefined disposed:false
202 silly fetch manifest graceful-fs@^4.2.11
203 silly packumentCache full:https://registry.npmjs.org/graceful-fs cache-miss
204 http cache https://registry.npmjs.org/postcss 11ms (cache hit)
205 silly packumentCache full:https://registry.npmjs.org/postcss set size:696248 disposed:false
206 silly fetch manifest @swc/helpers@0.5.2
207 silly packumentCache full:https://registry.npmjs.org/@swc%2fhelpers cache-miss
208 http fetch GET 200 https://registry.npmjs.org/busboy 176ms (cache miss)
209 silly packumentCache full:https://registry.npmjs.org/busboy set size:undefined disposed:false
210 silly fetch manifest caniuse-lite@^1.0.30001579
211 silly packumentCache full:https://registry.npmjs.org/caniuse-lite cache-miss
212 http fetch GET 200 https://registry.npmjs.org/graceful-fs 173ms (cache miss)
213 silly packumentCache full:https://registry.npmjs.org/graceful-fs set size:undefined disposed:false
214 silly fetch manifest @next/swc-darwin-x64@14.1.0
215 silly packumentCache full:https://registry.npmjs.org/@next%2fswc-darwin-x64 cache-miss
216 http fetch GET 200 https://registry.npmjs.org/follow-redirects 955ms (cache miss)
217 silly packumentCache full:https://registry.npmjs.org/follow-redirects set size:undefined disposed:false
218 silly fetch manifest @next/swc-darwin-arm64@14.1.0
219 silly packumentCache full:https://registry.npmjs.org/@next%2fswc-darwin-arm64 cache-miss
220 http fetch GET 200 https://registry.npmjs.org/caniuse-lite 1519ms (cache miss)
221 silly packumentCache full:https://registry.npmjs.org/caniuse-lite set size:undefined disposed:false
222 silly fetch manifest @next/swc-linux-x64-gnu@14.1.0
223 silly packumentCache full:https://registry.npmjs.org/@next%2fswc-linux-x64-gnu cache-miss
224 http fetch GET 200 https://registry.npmjs.org/caniuse-lite 187ms (cache miss)
225 silly packumentCache full:https://registry.npmjs.org/caniuse-lite set size:undefined disposed:false
226 silly fetch manifest @next/swc-linux-x64-musl@14.1.0
227 silly packumentCache full:https://registry.npmjs.org/@next%2fswc-linux-x64-musl cache-miss
228 http fetch GET 200 https://registry.npmjs.org/@swc%2fhelpers 391ms (cache miss)
229 silly packumentCache full:https://registry.npmjs.org/@swc%2fhelpers set size:undefined disposed:false
230 silly fetch manifest @next/swc-win32-x64-msvc@14.1.0
231 silly packumentCache full:https://registry.npmjs.org/@next%2fswc-win32-x64-msvc cache-miss
232 http fetch GET 200 https://registry.npmjs.org/styled-jsx 702ms (cache miss)
233 silly packumentCache full:https://registry.npmjs.org/styled-jsx set size:undefined disposed:false
234 silly fetch manifest @next/swc-linux-arm64-gnu@14.1.0
235 silly packumentCache full:https://registry.npmjs.org/@next%2fswc-linux-arm64-gnu cache-miss
236 http fetch GET 200 https://registry.npmjs.org/@next%2fenv 760ms (cache miss)
237 silly packumentCache full:https://registry.npmjs.org/@next%2fenv set size:undefined disposed:false
238 silly fetch manifest @next/swc-win32-ia32-msvc@14.1.0
239 silly packumentCache full:https://registry.npmjs.org/@next%2fswc-win32-ia32-msvc cache-miss
240 http fetch GET 200 https://registry.npmjs.org/@next%2fswc-linux-x64-gnu 1017ms (cache miss)
241 silly packumentCache full:https://registry.npmjs.org/@next%2fswc-linux-x64-gnu set size:undefined disposed:false
242 silly fetch manifest @next/swc-linux-arm64-musl@14.1.0
243 silly packumentCache full:https://registry.npmjs.org/@next%2fswc-linux-arm64-musl cache-miss
244 http fetch GET 200 https://registry.npmjs.org/@next%2fswc-darwin-x64 1246ms (cache miss)
245 silly packumentCache full:https://registry.npmjs.org/@next%2fswc-darwin-x64 set size:undefined disposed:false
246 silly fetch manifest @next/swc-win32-arm64-msvc@14.1.0
247 silly packumentCache full:https://registry.npmjs.org/@next%2fswc-win32-arm64-msvc cache-miss
248 http fetch GET 200 https://registry.npmjs.org/@next%2fswc-win32-x64-msvc 1051ms (cache miss)
249 silly packumentCache full:https://registry.npmjs.org/@next%2fswc-win32-x64-msvc set size:undefined disposed:false
250 silly fetch manifest scheduler@^0.23.0
251 silly packumentCache full:https://registry.npmjs.org/scheduler cache-miss
252 http fetch GET 200 https://registry.npmjs.org/@next%2fswc-linux-arm64-gnu 793ms (cache miss)
253 silly packumentCache full:https://registry.npmjs.org/@next%2fswc-linux-arm64-gnu set size:undefined disposed:false
254 silly fetch manifest lodash@^4.17.21
255 silly packumentCache full:https://registry.npmjs.org/lodash cache-miss
256 http fetch GET 200 https://registry.npmjs.org/@next%2fswc-darwin-arm64 1337ms (cache miss)
257 silly packumentCache full:https://registry.npmjs.org/@next%2fswc-darwin-arm64 set size:undefined disposed:false
258 silly fetch manifest react-is@^18.3.1
259 silly packumentCache full:https://registry.npmjs.org/react-is cache-miss
260 http fetch GET 200 https://registry.npmjs.org/lodash 220ms (cache miss)
261 silly packumentCache full:https://registry.npmjs.org/lodash set size:undefined disposed:false
262 silly fetch manifest react-smooth@^4.0.4
263 silly packumentCache full:https://registry.npmjs.org/react-smooth cache-miss
264 http fetch GET 200 https://registry.npmjs.org/@next%2fswc-linux-x64-musl 1473ms (cache miss)
265 silly packumentCache full:https://registry.npmjs.org/@next%2fswc-linux-x64-musl set size:undefined disposed:false
266 silly fetch manifest eventemitter3@^4.0.1
267 silly packumentCache full:https://registry.npmjs.org/eventemitter3 cache-miss
268 http fetch GET 200 https://registry.npmjs.org/@next%2fswc-win32-ia32-msvc 1098ms (cache miss)
269 silly packumentCache full:https://registry.npmjs.org/@next%2fswc-win32-ia32-msvc set size:undefined disposed:false
270 silly fetch manifest recharts-scale@^0.4.4
271 silly packumentCache full:https://registry.npmjs.org/recharts-scale cache-miss
272 http fetch GET 200 https://registry.npmjs.org/react-is 353ms (cache miss)
273 silly packumentCache full:https://registry.npmjs.org/react-is set size:undefined disposed:false
274 silly fetch manifest tiny-invariant@^1.3.1
275 silly packumentCache full:https://registry.npmjs.org/tiny-invariant cache-miss
276 http fetch GET 200 https://registry.npmjs.org/scheduler 439ms (cache miss)
277 silly packumentCache full:https://registry.npmjs.org/scheduler set size:undefined disposed:false
278 silly fetch manifest victory-vendor@^36.6.8
279 silly packumentCache full:https://registry.npmjs.org/victory-vendor cache-miss
280 http fetch GET 200 https://registry.npmjs.org/@next%2fswc-linux-arm64-musl 878ms (cache miss)
281 silly packumentCache full:https://registry.npmjs.org/@next%2fswc-linux-arm64-musl set size:undefined disposed:false
282 silly fetch manifest dequal@^2.0.3
283 silly packumentCache full:https://registry.npmjs.org/dequal cache-miss
284 http fetch GET 200 https://registry.npmjs.org/tiny-invariant 348ms (cache miss)
285 silly packumentCache full:https://registry.npmjs.org/tiny-invariant set size:undefined disposed:false
286 silly fetch manifest use-sync-external-store@^1.6.0
287 silly packumentCache full:https://registry.npmjs.org/use-sync-external-store cache-miss
288 http fetch GET 200 https://registry.npmjs.org/react-smooth 539ms (cache miss)
289 silly packumentCache full:https://registry.npmjs.org/react-smooth set size:undefined disposed:false
290 silly fetch manifest arg@^5.0.2
291 silly packumentCache full:https://registry.npmjs.org/arg cache-miss
292 http fetch GET 200 https://registry.npmjs.org/victory-vendor 483ms (cache miss)
293 silly packumentCache full:https://registry.npmjs.org/victory-vendor set size:undefined disposed:false
294 silly fetch manifest dlv@^1.1.3
295 silly packumentCache full:https://registry.npmjs.org/dlv cache-miss
296 http fetch GET 200 https://registry.npmjs.org/eventemitter3 584ms (cache miss)
297 silly packumentCache full:https://registry.npmjs.org/eventemitter3 set size:undefined disposed:false
298 silly fetch manifest jiti@^1.21.7
299 silly packumentCache full:https://registry.npmjs.org/jiti cache-miss
300 http fetch GET 200 https://registry.npmjs.org/arg 167ms (cache miss)
301 silly packumentCache full:https://registry.npmjs.org/arg set size:undefined disposed:false
302 silly fetch manifest is-glob@^4.0.3
303 silly packumentCache full:https://registry.npmjs.org/is-glob cache-miss
304 http fetch GET 200 https://registry.npmjs.org/@next%2fswc-win32-arm64-msvc 1025ms (cache miss)
305 silly packumentCache full:https://registry.npmjs.org/@next%2fswc-win32-arm64-msvc set size:undefined disposed:false
306 silly fetch manifest resolve@^1.22.8
307 silly packumentCache full:https://registry.npmjs.org/resolve cache-miss
308 http fetch GET 200 https://registry.npmjs.org/recharts-scale 608ms (cache miss)
309 silly packumentCache full:https://registry.npmjs.org/recharts-scale set size:undefined disposed:false
310 silly fetch manifest sucrase@^3.35.0
311 silly packumentCache full:https://registry.npmjs.org/sucrase cache-miss
312 http fetch GET 200 https://registry.npmjs.org/dequal 369ms (cache miss)
313 silly packumentCache full:https://registry.npmjs.org/dequal set size:undefined disposed:false
314 silly fetch manifest chokidar@^3.6.0
315 silly packumentCache full:https://registry.npmjs.org/chokidar cache-miss
316 http fetch GET 200 https://registry.npmjs.org/jiti 54ms (cache miss)
317 silly packumentCache full:https://registry.npmjs.org/jiti set size:undefined disposed:false
318 silly fetch manifest fast-glob@^3.3.2
319 silly packumentCache full:https://registry.npmjs.org/fast-glob cache-miss
320 http fetch GET 200 https://registry.npmjs.org/chokidar 120ms (cache miss)
321 silly packumentCache full:https://registry.npmjs.org/chokidar set size:undefined disposed:false
322 silly fetch manifest lilconfig@^3.1.3
323 silly packumentCache full:https://registry.npmjs.org/lilconfig cache-miss
324 http fetch GET 200 https://registry.npmjs.org/use-sync-external-store 367ms (cache miss)
325 silly packumentCache full:https://registry.npmjs.org/use-sync-external-store set size:undefined disposed:false
326 silly fetch manifest didyoumean@^1.2.2
327 silly packumentCache full:https://registry.npmjs.org/didyoumean cache-miss
328 http fetch GET 200 https://registry.npmjs.org/dlv 356ms (cache miss)
329 silly packumentCache full:https://registry.npmjs.org/dlv set size:undefined disposed:false
330 silly fetch manifest micromatch@^4.0.8
331 silly packumentCache full:https://registry.npmjs.org/micromatch cache-miss
332 http fetch GET 200 https://registry.npmjs.org/is-glob 333ms (cache miss)
333 silly packumentCache full:https://registry.npmjs.org/is-glob set size:undefined disposed:false
334 silly fetch manifest postcss-js@^4.0.1
335 silly packumentCache full:https://registry.npmjs.org/postcss-js cache-miss
336 http fetch GET 200 https://registry.npmjs.org/fast-glob 281ms (cache miss)
337 silly packumentCache full:https://registry.npmjs.org/fast-glob set size:undefined disposed:false
338 silly fetch manifest glob-parent@^6.0.2
339 silly packumentCache full:https://registry.npmjs.org/glob-parent cache-miss
340 http fetch GET 200 https://registry.npmjs.org/sucrase 292ms (cache miss)
341 silly packumentCache full:https://registry.npmjs.org/sucrase set size:undefined disposed:false
342 silly fetch manifest object-hash@^3.0.0
343 silly packumentCache full:https://registry.npmjs.org/object-hash cache-miss
344 http fetch GET 200 https://registry.npmjs.org/micromatch 41ms (cache miss)
345 silly packumentCache full:https://registry.npmjs.org/micromatch set size:undefined disposed:false
346 silly fetch manifest normalize-path@^3.0.0
347 silly packumentCache full:https://registry.npmjs.org/normalize-path cache-miss
348 http fetch GET 200 https://registry.npmjs.org/lilconfig 236ms (cache miss)
349 silly packumentCache full:https://registry.npmjs.org/lilconfig set size:undefined disposed:false
350 silly fetch manifest postcss-import@^15.1.0
351 silly packumentCache full:https://registry.npmjs.org/postcss-import cache-miss
352 http fetch GET 200 https://registry.npmjs.org/didyoumean 220ms (cache miss)
353 silly packumentCache full:https://registry.npmjs.org/didyoumean set size:undefined disposed:false
354 silly fetch manifest postcss-nested@^6.2.0
355 silly packumentCache full:https://registry.npmjs.org/postcss-nested cache-miss
356 http fetch GET 200 https://registry.npmjs.org/normalize-path 33ms (cache miss)
357 silly packumentCache full:https://registry.npmjs.org/normalize-path set size:undefined disposed:false
358 silly fetch manifest @alloc/quick-lru@^5.2.0
359 silly packumentCache full:https://registry.npmjs.org/@alloc%2fquick-lru cache-miss
360 http fetch GET 200 https://registry.npmjs.org/glob-parent 355ms (cache miss)
361 silly packumentCache full:https://registry.npmjs.org/glob-parent set size:undefined disposed:false
362 silly fetch manifest postcss-load-config@^4.0.2 || ^5.0 || ^6.0
363 silly packumentCache full:https://registry.npmjs.org/postcss-load-config cache-miss
364 http fetch GET 200 https://registry.npmjs.org/postcss-nested 285ms (cache miss)
365 silly packumentCache full:https://registry.npmjs.org/postcss-nested set size:undefined disposed:false
366 silly fetch manifest postcss-selector-parser@^6.1.2
367 silly packumentCache full:https://registry.npmjs.org/postcss-selector-parser cache-miss
368 http fetch GET 200 https://registry.npmjs.org/postcss-import 290ms (cache miss)
369 silly packumentCache full:https://registry.npmjs.org/postcss-import set size:undefined disposed:false
370 http fetch GET 200 https://registry.npmjs.org/resolve 662ms (cache miss)
371 silly packumentCache full:https://registry.npmjs.org/resolve set size:undefined disposed:false
372 http fetch GET 200 https://registry.npmjs.org/@alloc%2fquick-lru 614ms (cache miss)
373 silly packumentCache full:https://registry.npmjs.org/@alloc%2fquick-lru set size:undefined disposed:false
374 http fetch GET 200 https://registry.npmjs.org/postcss-js 693ms (cache miss)
375 silly packumentCache full:https://registry.npmjs.org/postcss-js set size:undefined disposed:false
376 http fetch GET 200 https://registry.npmjs.org/postcss-load-config 336ms (cache miss)
377 silly packumentCache full:https://registry.npmjs.org/postcss-load-config set size:undefined disposed:false
378 http fetch GET 200 https://registry.npmjs.org/object-hash 690ms (cache miss)
379 silly packumentCache full:https://registry.npmjs.org/object-hash set size:undefined disposed:false
380 http fetch GET 200 https://registry.npmjs.org/postcss-selector-parser 685ms (cache miss)
381 silly packumentCache full:https://registry.npmjs.org/postcss-selector-parser set size:undefined disposed:false
382 silly placeDep ROOT @tanstack/query-core@5.90.20 OK for: @tanstack/react-query@5.90.21 want: 5.90.20
383 silly placeDep ROOT undici-types@6.21.0 OK for: @types/node@20.19.34 want: ~6.21.0
384 silly placeDep ROOT @types/prop-types@15.7.15 OK for: @types/react@18.3.28 want: *
385 silly placeDep ROOT csstype@3.2.3 OK for: @types/react@18.3.28 want: ^3.2.2
386 silly placeDep ROOT browserslist@4.28.1 OK for: autoprefixer@10.4.27 want: ^4.28.1
387 silly placeDep ROOT caniuse-lite@1.0.30001774 OK for: autoprefixer@10.4.27 want: ^1.0.30001774
388 silly placeDep ROOT fraction.js@5.3.4 OK for: autoprefixer@10.4.27 want: ^5.3.4
389 silly placeDep ROOT picocolors@1.1.1 OK for: autoprefixer@10.4.27 want: ^1.1.1
390 silly placeDep ROOT postcss-value-parser@4.2.0 OK for: autoprefixer@10.4.27 want: ^4.2.0
391 silly fetch manifest baseline-browser-mapping@^2.9.0
392 silly packumentCache full:https://registry.npmjs.org/baseline-browser-mapping cache-miss
393 silly fetch manifest caniuse-lite@^1.0.30001759
394 silly packumentCache full:https://registry.npmjs.org/caniuse-lite cache-miss
395 silly fetch manifest electron-to-chromium@^1.5.263
396 silly packumentCache full:https://registry.npmjs.org/electron-to-chromium cache-miss
397 silly fetch manifest node-releases@^2.0.27
398 silly packumentCache full:https://registry.npmjs.org/node-releases cache-miss
399 silly fetch manifest update-browserslist-db@^1.2.0
400 silly packumentCache full:https://registry.npmjs.org/update-browserslist-db cache-miss
401 http cache https://registry.npmjs.org/caniuse-lite 13ms (cache hit)
402 silly packumentCache full:https://registry.npmjs.org/caniuse-lite set size:2258713 disposed:false
403 http fetch GET 200 https://registry.npmjs.org/update-browserslist-db 355ms (cache miss)
404 silly packumentCache full:https://registry.npmjs.org/update-browserslist-db set size:undefined disposed:false
405 http fetch GET 200 https://registry.npmjs.org/node-releases 358ms (cache miss)
406 silly packumentCache full:https://registry.npmjs.org/node-releases set size:undefined disposed:false
407 http fetch GET 200 https://registry.npmjs.org/baseline-browser-mapping 360ms (cache miss)
408 silly packumentCache full:https://registry.npmjs.org/baseline-browser-mapping set size:undefined disposed:false
409 http fetch GET 200 https://registry.npmjs.org/electron-to-chromium 762ms (cache miss)
410 silly packumentCache full:https://registry.npmjs.org/electron-to-chromium set size:undefined disposed:false
411 silly placeDep ROOT follow-redirects@1.15.11 OK for: axios@1.13.5 want: ^1.15.11
412 silly placeDep ROOT form-data@4.0.5 OK for: axios@1.13.5 want: ^4.0.5
413 silly placeDep ROOT proxy-from-env@1.1.0 OK for: axios@1.13.5 want: ^1.1.0
414 silly fetch manifest asynckit@^0.4.0
415 silly packumentCache full:https://registry.npmjs.org/asynckit cache-miss
416 silly fetch manifest combined-stream@^1.0.8
417 silly packumentCache full:https://registry.npmjs.org/combined-stream cache-miss
418 silly fetch manifest es-set-tostringtag@^2.1.0
419 silly packumentCache full:https://registry.npmjs.org/es-set-tostringtag cache-miss
420 silly fetch manifest hasown@^2.0.2
421 silly packumentCache full:https://registry.npmjs.org/hasown cache-miss
422 silly fetch manifest mime-types@^2.1.12
423 silly packumentCache full:https://registry.npmjs.org/mime-types cache-miss
424 http fetch GET 200 https://registry.npmjs.org/asynckit 109ms (cache miss)
425 silly packumentCache full:https://registry.npmjs.org/asynckit set size:undefined disposed:false
426 http fetch GET 200 https://registry.npmjs.org/combined-stream 109ms (cache miss)
427 silly packumentCache full:https://registry.npmjs.org/combined-stream set size:undefined disposed:false
428 http fetch GET 200 https://registry.npmjs.org/mime-types 111ms (cache miss)
429 silly packumentCache full:https://registry.npmjs.org/mime-types set size:undefined disposed:false
430 http fetch GET 200 https://registry.npmjs.org/es-set-tostringtag 216ms (cache miss)
431 silly packumentCache full:https://registry.npmjs.org/es-set-tostringtag set size:undefined disposed:false
432 http fetch GET 200 https://registry.npmjs.org/hasown 217ms (cache miss)
433 silly packumentCache full:https://registry.npmjs.org/hasown set size:undefined disposed:false
434 silly fetch manifest browserslist@>= 4.21.0
435 silly packumentCache full:https://registry.npmjs.org/browserslist cache-miss
436 http cache https://registry.npmjs.org/browserslist 4ms (cache hit)
437 silly packumentCache full:https://registry.npmjs.org/browserslist set size:502989 disposed:false
438 silly placeDep ROOT baseline-browser-mapping@2.10.0 OK for: browserslist@4.28.1 want: ^2.9.0
439 silly placeDep ROOT electron-to-chromium@1.5.302 OK for: browserslist@4.28.1 want: ^1.5.263
440 silly placeDep ROOT node-releases@2.0.27 OK for: browserslist@4.28.1 want: ^2.0.27
441 silly placeDep ROOT update-browserslist-db@1.2.3 OK for: browserslist@4.28.1 want: ^1.2.0
442 silly fetch manifest escalade@^3.2.0
443 silly packumentCache full:https://registry.npmjs.org/escalade cache-miss
444 http fetch GET 200 https://registry.npmjs.org/escalade 214ms (cache miss)
445 silly packumentCache full:https://registry.npmjs.org/escalade set size:undefined disposed:false
446 silly placeDep ROOT asynckit@0.4.0 OK for: form-data@4.0.5 want: ^0.4.0
447 silly placeDep ROOT combined-stream@1.0.8 OK for: form-data@4.0.5 want: ^1.0.8
448 silly placeDep ROOT es-set-tostringtag@2.1.0 OK for: form-data@4.0.5 want: ^2.1.0
449 silly placeDep ROOT hasown@2.0.2 OK for: form-data@4.0.5 want: ^2.0.2
450 silly placeDep ROOT mime-types@2.1.35 OK for: form-data@4.0.5 want: ^2.1.12
451 silly fetch manifest delayed-stream@~1.0.0
452 silly packumentCache full:https://registry.npmjs.org/delayed-stream cache-miss
453 silly fetch manifest es-errors@^1.3.0
454 silly packumentCache full:https://registry.npmjs.org/es-errors cache-miss
455 silly fetch manifest get-intrinsic@^1.2.6
456 silly packumentCache full:https://registry.npmjs.org/get-intrinsic cache-miss
457 silly fetch manifest has-tostringtag@^1.0.2
458 silly packumentCache full:https://registry.npmjs.org/has-tostringtag cache-miss
459 silly fetch manifest function-bind@^1.1.2
460 silly packumentCache full:https://registry.npmjs.org/function-bind cache-miss
461 silly fetch manifest mime-db@1.52.0
462 silly packumentCache full:https://registry.npmjs.org/mime-db cache-miss
463 http fetch GET 200 https://registry.npmjs.org/has-tostringtag 36ms (cache miss)
464 silly packumentCache full:https://registry.npmjs.org/has-tostringtag set size:undefined disposed:false
465 http fetch GET 200 https://registry.npmjs.org/delayed-stream 37ms (cache miss)
466 silly packumentCache full:https://registry.npmjs.org/delayed-stream set size:undefined disposed:false
467 http fetch GET 200 https://registry.npmjs.org/mime-db 37ms (cache miss)
468 silly packumentCache full:https://registry.npmjs.org/mime-db set size:undefined disposed:false
469 http fetch GET 200 https://registry.npmjs.org/es-errors 39ms (cache miss)
470 silly packumentCache full:https://registry.npmjs.org/es-errors set size:undefined disposed:false
471 http fetch GET 200 https://registry.npmjs.org/function-bind 217ms (cache miss)
472 silly packumentCache full:https://registry.npmjs.org/function-bind set size:undefined disposed:false
473 http fetch GET 200 https://registry.npmjs.org/get-intrinsic 227ms (cache miss)
474 silly packumentCache full:https://registry.npmjs.org/get-intrinsic set size:undefined disposed:false
475 silly placeDep ROOT delayed-stream@1.0.0 OK for: combined-stream@1.0.8 want: ~1.0.0
476 silly placeDep ROOT es-errors@1.3.0 OK for: es-set-tostringtag@2.1.0 want: ^1.3.0
477 silly placeDep ROOT get-intrinsic@1.3.0 OK for: es-set-tostringtag@2.1.0 want: ^1.2.6
478 silly placeDep ROOT has-tostringtag@1.0.2 OK for: es-set-tostringtag@2.1.0 want: ^1.0.2
479 silly fetch manifest gopd@^1.2.0
480 silly packumentCache full:https://registry.npmjs.org/gopd cache-miss
481 silly fetch manifest get-proto@^1.0.1
482 silly packumentCache full:https://registry.npmjs.org/get-proto cache-miss
483 silly fetch manifest has-symbols@^1.1.0
484 silly packumentCache full:https://registry.npmjs.org/has-symbols cache-miss
485 silly fetch manifest es-object-atoms@^1.1.1
486 silly packumentCache full:https://registry.npmjs.org/es-object-atoms cache-miss
487 silly fetch manifest math-intrinsics@^1.1.0
488 silly packumentCache full:https://registry.npmjs.org/math-intrinsics cache-miss
489 silly fetch manifest es-define-property@^1.0.1
490 silly packumentCache full:https://registry.npmjs.org/es-define-property cache-miss
491 silly fetch manifest call-bind-apply-helpers@^1.0.2
492 silly packumentCache full:https://registry.npmjs.org/call-bind-apply-helpers cache-miss
493 http fetch GET 200 https://registry.npmjs.org/gopd 31ms (cache miss)
494 silly packumentCache full:https://registry.npmjs.org/gopd set size:undefined disposed:false
495 silly fetch manifest has-symbols@^1.0.3
496 silly packumentCache full:https://registry.npmjs.org/has-symbols cache-miss
497 http fetch GET 200 https://registry.npmjs.org/es-object-atoms 34ms (cache miss)
498 silly packumentCache full:https://registry.npmjs.org/es-object-atoms set size:undefined disposed:false
499 http fetch GET 200 https://registry.npmjs.org/get-proto 36ms (cache miss)
500 silly packumentCache full:https://registry.npmjs.org/get-proto set size:undefined disposed:false
501 http fetch GET 200 https://registry.npmjs.org/math-intrinsics 39ms (cache miss)
502 silly packumentCache full:https://registry.npmjs.org/math-intrinsics set size:undefined disposed:false
503 http fetch GET 200 https://registry.npmjs.org/call-bind-apply-helpers 57ms (cache miss)
504 silly packumentCache full:https://registry.npmjs.org/call-bind-apply-helpers set size:undefined disposed:false
505 http fetch GET 200 https://registry.npmjs.org/has-symbols 217ms (cache miss)
506 silly packumentCache full:https://registry.npmjs.org/has-symbols set size:undefined disposed:false
507 http fetch GET 200 https://registry.npmjs.org/has-symbols 189ms (cache miss)
508 silly packumentCache full:https://registry.npmjs.org/has-symbols set size:undefined disposed:false
509 http fetch GET 200 https://registry.npmjs.org/es-define-property 219ms (cache miss)
510 silly packumentCache full:https://registry.npmjs.org/es-define-property set size:undefined disposed:false
511 silly placeDep ROOT motion-dom@11.18.1 OK for: framer-motion@11.18.2 want: ^11.18.1
512 silly placeDep ROOT motion-utils@11.18.1 OK for: framer-motion@11.18.2 want: ^11.18.1
513 silly placeDep ROOT tslib@2.8.1 OK for: framer-motion@11.18.2 want: ^2.4.0
514 silly placeDep ROOT call-bind-apply-helpers@1.0.2 OK for: get-intrinsic@1.3.0 want: ^1.0.2
515 silly placeDep ROOT es-define-property@1.0.1 OK for: get-intrinsic@1.3.0 want: ^1.0.1
516 silly placeDep ROOT es-object-atoms@1.1.1 OK for: get-intrinsic@1.3.0 want: ^1.1.1
517 silly placeDep ROOT function-bind@1.1.2 OK for: get-intrinsic@1.3.0 want: ^1.1.2
518 silly placeDep ROOT get-proto@1.0.1 OK for: get-intrinsic@1.3.0 want: ^1.0.1
519 silly placeDep ROOT gopd@1.2.0 OK for: get-intrinsic@1.3.0 want: ^1.2.0
520 silly placeDep ROOT has-symbols@1.1.0 OK for: get-intrinsic@1.3.0 want: ^1.1.0
521 silly placeDep ROOT math-intrinsics@1.1.0 OK for: get-intrinsic@1.3.0 want: ^1.1.0
522 silly fetch manifest dunder-proto@^1.0.1
523 silly packumentCache full:https://registry.npmjs.org/dunder-proto cache-miss
524 http fetch GET 200 https://registry.npmjs.org/dunder-proto 33ms (cache miss)
525 silly packumentCache full:https://registry.npmjs.org/dunder-proto set size:undefined disposed:false
526 silly placeDep ROOT dunder-proto@1.0.1 OK for: get-proto@1.0.1 want: ^1.0.1
527 silly placeDep ROOT mime-db@1.52.0 OK for: mime-types@2.1.35 want: 1.52.0
528 silly fetch manifest react@^18.2.0
529 silly packumentCache full:https://registry.npmjs.org/react cache-miss
530 http cache https://registry.npmjs.org/react 16ms (cache hit)
531 silly packumentCache full:https://registry.npmjs.org/react set size:6515921 disposed:false
532 silly placeDep ROOT @next/env@14.1.0 OK for: next@14.1.0 want: 14.1.0
533 silly placeDep ROOT @next/swc-darwin-arm64@14.1.0 OK for: next@14.1.0 want: 14.1.0
534 silly placeDep ROOT @next/swc-darwin-x64@14.1.0 OK for: next@14.1.0 want: 14.1.0
535 silly placeDep ROOT @next/swc-linux-arm64-gnu@14.1.0 OK for: next@14.1.0 want: 14.1.0
536 silly placeDep ROOT @next/swc-linux-arm64-musl@14.1.0 OK for: next@14.1.0 want: 14.1.0
537 silly placeDep ROOT @next/swc-linux-x64-gnu@14.1.0 OK for: next@14.1.0 want: 14.1.0
538 silly placeDep ROOT @next/swc-linux-x64-musl@14.1.0 OK for: next@14.1.0 want: 14.1.0
539 silly placeDep ROOT @next/swc-win32-arm64-msvc@14.1.0 OK for: next@14.1.0 want: 14.1.0
540 silly placeDep ROOT @next/swc-win32-ia32-msvc@14.1.0 OK for: next@14.1.0 want: 14.1.0
541 silly placeDep ROOT @next/swc-win32-x64-msvc@14.1.0 OK for: next@14.1.0 want: 14.1.0
542 silly placeDep ROOT @swc/helpers@0.5.2 OK for: next@14.1.0 want: 0.5.2
543 silly placeDep ROOT busboy@1.6.0 OK for: next@14.1.0 want: 1.6.0
544 silly placeDep ROOT graceful-fs@4.2.11 OK for: next@14.1.0 want: ^4.2.11
545 silly placeDep node_modules/next postcss@8.4.31 OK for: next@14.1.0 want: 8.4.31
546 silly placeDep ROOT styled-jsx@5.1.1 OK for: next@14.1.0 want: 5.1.1
547 silly fetch manifest streamsearch@^1.1.0
548 silly packumentCache full:https://registry.npmjs.org/streamsearch cache-miss
549 silly fetch manifest nanoid@^3.3.6
550 silly packumentCache full:https://registry.npmjs.org/nanoid cache-miss
551 silly fetch manifest source-map-js@^1.0.2
552 silly packumentCache full:https://registry.npmjs.org/source-map-js cache-miss
553 silly fetch manifest client-only@0.0.1
554 silly packumentCache full:https://registry.npmjs.org/client-only cache-miss
555 http cache https://registry.npmjs.org/source-map-js 8ms (cache hit)
556 silly packumentCache full:https://registry.npmjs.org/source-map-js set size:62640 disposed:false
557 http cache https://registry.npmjs.org/nanoid 9ms (cache hit)
558 silly packumentCache full:https://registry.npmjs.org/nanoid set size:298419 disposed:false
559 http fetch GET 200 https://registry.npmjs.org/streamsearch 37ms (cache miss)
560 silly packumentCache full:https://registry.npmjs.org/streamsearch set size:undefined disposed:false
561 http fetch GET 200 https://registry.npmjs.org/client-only 221ms (cache miss)
562 silly packumentCache full:https://registry.npmjs.org/client-only set size:undefined disposed:false
563 silly placeDep ROOT streamsearch@1.1.0 OK for: busboy@1.6.0 want: ^1.1.0
564 silly placeDep ROOT nanoid@3.3.11 OK for: postcss@8.5.6 want: ^3.3.11
565 silly placeDep ROOT source-map-js@1.2.1 OK for: postcss@8.5.6 want: ^1.2.1
566 silly placeDep ROOT loose-envify@1.4.0 OK for: react@18.2.0 want: ^1.1.0
567 silly fetch manifest js-tokens@^3.0.0 || ^4.0.0
568 silly packumentCache full:https://registry.npmjs.org/js-tokens cache-miss
569 http fetch GET 200 https://registry.npmjs.org/js-tokens 591ms (cache miss)
570 silly packumentCache full:https://registry.npmjs.org/js-tokens set size:undefined disposed:false
571 silly placeDep ROOT js-tokens@4.0.0 OK for: loose-envify@1.4.0 want: ^3.0.0 || ^4.0.0
572 silly placeDep ROOT scheduler@0.23.2 OK for: react-dom@18.2.0 want: ^0.23.0
573 silly fetch manifest react@^16.0.0 || ^17.0.0 || ^18.0.0 || ^19.0.0
574 silly packumentCache full:https://registry.npmjs.org/react cache-miss
575 http cache https://registry.npmjs.org/react 8ms (cache hit)
576 silly packumentCache full:https://registry.npmjs.org/react set size:6515921 disposed:false
577 silly fetch manifest react-dom@^16.0.0 || ^17.0.0 || ^18.0.0 || ^19.0.0
578 silly packumentCache full:https://registry.npmjs.org/react-dom cache-miss
579 http cache https://registry.npmjs.org/react-dom 14ms (cache hit)
580 silly packumentCache full:https://registry.npmjs.org/react-dom set size:8637868 disposed:false
581 silly placeDep ROOT eventemitter3@4.0.7 OK for: recharts@2.15.4 want: ^4.0.1
582 silly placeDep ROOT lodash@4.17.23 OK for: recharts@2.15.4 want: ^4.17.21
583 silly placeDep ROOT react-is@18.3.1 OK for: recharts@2.15.4 want: ^18.3.1
584 silly placeDep ROOT react-smooth@4.0.4 OK for: recharts@2.15.4 want: ^4.0.4
585 silly placeDep ROOT recharts-scale@0.4.5 OK for: recharts@2.15.4 want: ^0.4.4
586 silly placeDep ROOT tiny-invariant@1.3.3 OK for: recharts@2.15.4 want: ^1.3.1
587 silly placeDep ROOT victory-vendor@36.9.2 OK for: recharts@2.15.4 want: ^36.6.8
588 silly fetch manifest fast-equals@^5.0.1
589 silly packumentCache full:https://registry.npmjs.org/fast-equals cache-miss
590 silly fetch manifest prop-types@^15.8.1
591 silly packumentCache full:https://registry.npmjs.org/prop-types cache-miss
592 silly fetch manifest react-transition-group@^4.4.5
593 silly packumentCache full:https://registry.npmjs.org/react-transition-group cache-miss
594 silly fetch manifest decimal.js-light@^2.4.1
595 silly packumentCache full:https://registry.npmjs.org/decimal.js-light cache-miss
596 silly fetch manifest d3-ease@^3.0.1
597 silly packumentCache full:https://registry.npmjs.org/d3-ease cache-miss
598 silly fetch manifest d3-time@^3.0.0
599 silly packumentCache full:https://registry.npmjs.org/d3-time cache-miss
600 silly fetch manifest d3-array@^3.1.6
601 silly packumentCache full:https://registry.npmjs.org/d3-array cache-miss
602 http fetch GET 200 https://registry.npmjs.org/prop-types 305ms (cache miss)
603 silly packumentCache full:https://registry.npmjs.org/prop-types set size:undefined disposed:false
604 silly fetch manifest d3-scale@^4.0.2
605 silly packumentCache full:https://registry.npmjs.org/d3-scale cache-miss
606 http fetch GET 200 https://registry.npmjs.org/d3-ease 307ms (cache miss)
607 silly packumentCache full:https://registry.npmjs.org/d3-ease set size:undefined disposed:false
608 silly fetch manifest d3-shape@^3.1.0
609 silly packumentCache full:https://registry.npmjs.org/d3-shape cache-miss
610 http fetch GET 200 https://registry.npmjs.org/d3-time 308ms (cache miss)
611 silly packumentCache full:https://registry.npmjs.org/d3-time set size:undefined disposed:false
612 silly fetch manifest d3-timer@^3.0.1
613 silly packumentCache full:https://registry.npmjs.org/d3-timer cache-miss
614 http fetch GET 200 https://registry.npmjs.org/react-transition-group 309ms (cache miss)
615 silly packumentCache full:https://registry.npmjs.org/react-transition-group set size:undefined disposed:false
616 silly fetch manifest @types/d3-ease@^3.0.0
617 silly packumentCache full:https://registry.npmjs.org/@types%2fd3-ease cache-miss
618 http fetch GET 200 https://registry.npmjs.org/decimal.js-light 310ms (cache miss)
619 silly packumentCache full:https://registry.npmjs.org/decimal.js-light set size:undefined disposed:false
620 silly fetch manifest @types/d3-time@^3.0.0
621 silly packumentCache full:https://registry.npmjs.org/@types%2fd3-time cache-miss
622 http fetch GET 200 https://registry.npmjs.org/d3-array 312ms (cache miss)
623 silly packumentCache full:https://registry.npmjs.org/d3-array set size:undefined disposed:false
624 silly fetch manifest d3-interpolate@^3.0.1
625 silly packumentCache full:https://registry.npmjs.org/d3-interpolate cache-miss
626 http fetch GET 200 https://registry.npmjs.org/fast-equals 313ms (cache miss)
627 silly packumentCache full:https://registry.npmjs.org/fast-equals set size:undefined disposed:false
628 silly fetch manifest @types/d3-array@^3.0.3
629 silly packumentCache full:https://registry.npmjs.org/@types%2fd3-array cache-miss
630 http fetch GET 200 https://registry.npmjs.org/d3-timer 221ms (cache miss)
631 silly packumentCache full:https://registry.npmjs.org/d3-timer set size:undefined disposed:false
632 silly fetch manifest @types/d3-scale@^4.0.2
633 silly packumentCache full:https://registry.npmjs.org/@types%2fd3-scale cache-miss
634 http fetch GET 200 https://registry.npmjs.org/d3-interpolate 220ms (cache miss)
635 silly packumentCache full:https://registry.npmjs.org/d3-interpolate set size:undefined disposed:false
636 silly fetch manifest @types/d3-shape@^3.1.0
637 silly packumentCache full:https://registry.npmjs.org/@types%2fd3-shape cache-miss
638 http fetch GET 200 https://registry.npmjs.org/d3-scale 234ms (cache miss)
639 silly packumentCache full:https://registry.npmjs.org/d3-scale set size:undefined disposed:false
640 silly fetch manifest @types/d3-timer@^3.0.0
641 silly packumentCache full:https://registry.npmjs.org/@types%2fd3-timer cache-miss
642 http fetch GET 200 https://registry.npmjs.org/d3-shape 236ms (cache miss)
643 silly packumentCache full:https://registry.npmjs.org/d3-shape set size:undefined disposed:false
644 silly fetch manifest @types/d3-interpolate@^3.0.1
645 silly packumentCache full:https://registry.npmjs.org/@types%2fd3-interpolate cache-miss
646 http fetch GET 200 https://registry.npmjs.org/@types%2fd3-array 417ms (cache miss)
647 silly packumentCache full:https://registry.npmjs.org/@types%2fd3-array set size:undefined disposed:false
648 http fetch GET 200 https://registry.npmjs.org/@types%2fd3-ease 423ms (cache miss)
649 silly packumentCache full:https://registry.npmjs.org/@types%2fd3-ease set size:undefined disposed:false
650 http fetch GET 200 https://registry.npmjs.org/@types%2fd3-shape 422ms (cache miss)
651 silly packumentCache full:https://registry.npmjs.org/@types%2fd3-shape set size:undefined disposed:false
652 http fetch GET 200 https://registry.npmjs.org/@types%2fd3-time 783ms (cache miss)
653 silly packumentCache full:https://registry.npmjs.org/@types%2fd3-time set size:undefined disposed:false
654 http fetch GET 200 https://registry.npmjs.org/@types%2fd3-timer 813ms (cache miss)
655 silly packumentCache full:https://registry.npmjs.org/@types%2fd3-timer set size:undefined disposed:false
656 http fetch GET 200 https://registry.npmjs.org/@types%2fd3-interpolate 811ms (cache miss)
657 silly packumentCache full:https://registry.npmjs.org/@types%2fd3-interpolate set size:undefined disposed:false
658 http fetch GET 200 https://registry.npmjs.org/@types%2fd3-scale 1149ms (cache miss)
659 silly packumentCache full:https://registry.npmjs.org/@types%2fd3-scale set size:undefined disposed:false
660 silly fetch manifest react@^16.8.0 || ^17.0.0 || ^18.0.0 || ^19.0.0
661 silly packumentCache full:https://registry.npmjs.org/react cache-miss
662 http cache https://registry.npmjs.org/react 8ms (cache hit)
663 silly packumentCache full:https://registry.npmjs.org/react set size:6515921 disposed:false
664 silly fetch manifest react-dom@^16.8.0 || ^17.0.0 || ^18.0.0 || ^19.0.0
665 silly packumentCache full:https://registry.npmjs.org/react-dom cache-miss
666 http cache https://registry.npmjs.org/react-dom 13ms (cache hit)
667 silly packumentCache full:https://registry.npmjs.org/react-dom set size:8637868 disposed:false
668 silly placeDep ROOT fast-equals@5.4.0 OK for: react-smooth@4.0.4 want: ^5.0.1
669 silly placeDep ROOT prop-types@15.8.1 OK for: react-smooth@4.0.4 want: ^15.8.1
670 silly placeDep ROOT react-transition-group@4.4.5 OK for: react-smooth@4.0.4 want: ^4.4.5
671 silly fetch manifest object-assign@^4.1.1
672 silly packumentCache full:https://registry.npmjs.org/object-assign cache-miss
673 silly fetch manifest react-is@^16.13.1
674 silly packumentCache full:https://registry.npmjs.org/react-is cache-miss
675 silly fetch manifest @babel/runtime@^7.5.5
676 silly packumentCache full:https://registry.npmjs.org/@babel%2fruntime cache-miss
677 silly fetch manifest dom-helpers@^5.0.1
678 silly packumentCache full:https://registry.npmjs.org/dom-helpers cache-miss
679 http cache https://registry.npmjs.org/react-is 13ms (cache hit)
680 silly packumentCache full:https://registry.npmjs.org/react-is set size:5275958 disposed:false
681 http fetch GET 200 https://registry.npmjs.org/object-assign 107ms (cache miss)
682 silly packumentCache full:https://registry.npmjs.org/object-assign set size:undefined disposed:false
683 http fetch GET 200 https://registry.npmjs.org/dom-helpers 217ms (cache miss)
684 silly packumentCache full:https://registry.npmjs.org/dom-helpers set size:undefined disposed:false
685 http fetch GET 200 https://registry.npmjs.org/@babel%2fruntime 837ms (cache miss)
686 silly packumentCache full:https://registry.npmjs.org/@babel%2fruntime set size:undefined disposed:false
687 silly placeDep ROOT object-assign@4.1.1 OK for: prop-types@15.8.1 want: ^4.1.1
688 silly placeDep node_modules/prop-types react-is@16.13.1 OK for: prop-types@15.8.1 want: ^16.13.1
689 silly placeDep ROOT @babel/runtime@7.28.6 OK for: react-transition-group@4.4.5 want: ^7.5.5
690 silly placeDep ROOT dom-helpers@5.2.1 OK for: react-transition-group@4.4.5 want: ^5.0.1
691 silly placeDep ROOT decimal.js-light@2.5.1 OK for: recharts-scale@0.4.5 want: ^2.4.1
692 silly placeDep ROOT client-only@0.0.1 OK for: styled-jsx@5.1.1 want: 0.0.1
693 silly fetch manifest react@^16.11.0 || ^17.0.0 || ^18.0.0 || ^19.0.0
694 silly packumentCache full:https://registry.npmjs.org/react cache-miss
695 http cache https://registry.npmjs.org/react 10ms (cache hit)
696 silly packumentCache full:https://registry.npmjs.org/react set size:6515921 disposed:false
697 silly placeDep ROOT dequal@2.0.3 OK for: swr@2.4.0 want: ^2.0.3
698 silly placeDep ROOT use-sync-external-store@1.6.0 OK for: swr@2.4.0 want: ^1.6.0
699 silly fetch manifest postcss@^8.4.47
700 silly packumentCache full:https://registry.npmjs.org/postcss cache-hit
701 silly fetch manifest tsx@^4.8.1
702 silly packumentCache full:https://registry.npmjs.org/tsx cache-miss
703 http fetch GET 200 https://registry.npmjs.org/tsx 270ms (cache miss)
704 silly packumentCache full:https://registry.npmjs.org/tsx set size:undefined disposed:false
705 silly fetch manifest yaml@^2.4.2
706 silly packumentCache full:https://registry.npmjs.org/yaml cache-miss
707 http fetch GET 200 https://registry.npmjs.org/yaml 220ms (cache miss)
708 silly packumentCache full:https://registry.npmjs.org/yaml set size:undefined disposed:false
709 silly placeDep ROOT @alloc/quick-lru@5.2.0 OK for: tailwindcss@3.4.19 want: ^5.2.0
710 silly placeDep ROOT arg@5.0.2 OK for: tailwindcss@3.4.19 want: ^5.0.2
711 silly placeDep ROOT chokidar@3.6.0 OK for: tailwindcss@3.4.19 want: ^3.6.0
712 silly placeDep ROOT didyoumean@1.2.2 OK for: tailwindcss@3.4.19 want: ^1.2.2
713 silly placeDep ROOT dlv@1.1.3 OK for: tailwindcss@3.4.19 want: ^1.1.3
714 silly placeDep ROOT fast-glob@3.3.3 OK for: tailwindcss@3.4.19 want: ^3.3.2
715 silly placeDep ROOT glob-parent@6.0.2 OK for: tailwindcss@3.4.19 want: ^6.0.2
716 silly placeDep ROOT is-glob@4.0.3 OK for: tailwindcss@3.4.19 want: ^4.0.3
717 silly placeDep ROOT jiti@1.21.7 OK for: tailwindcss@3.4.19 want: ^1.21.7
718 silly placeDep ROOT lilconfig@3.1.3 OK for: tailwindcss@3.4.19 want: ^3.1.3
719 silly placeDep ROOT micromatch@4.0.8 OK for: tailwindcss@3.4.19 want: ^4.0.8
720 silly placeDep ROOT normalize-path@3.0.0 OK for: tailwindcss@3.4.19 want: ^3.0.0
721 silly placeDep ROOT object-hash@3.0.0 OK for: tailwindcss@3.4.19 want: ^3.0.0
722 silly placeDep ROOT postcss-import@15.1.0 OK for: tailwindcss@3.4.19 want: ^15.1.0
723 silly placeDep ROOT postcss-js@4.1.0 OK for: tailwindcss@3.4.19 want: ^4.0.1
724 silly placeDep ROOT postcss-load-config@6.0.1 OK for: tailwindcss@3.4.19 want: ^4.0.2 || ^5.0 || ^6.0
725 silly placeDep ROOT postcss-nested@6.2.0 OK for: tailwindcss@3.4.19 want: ^6.2.0
726 silly placeDep ROOT postcss-selector-parser@6.1.2 OK for: tailwindcss@3.4.19 want: ^6.1.2
727 silly placeDep ROOT resolve@1.22.11 OK for: tailwindcss@3.4.19 want: ^1.22.8
728 silly placeDep ROOT sucrase@3.35.1 OK for: tailwindcss@3.4.19 want: ^3.35.0
729 silly fetch manifest braces@~3.0.2
730 silly packumentCache full:https://registry.npmjs.org/braces cache-miss
731 silly fetch manifest is-glob@~4.0.1
732 silly packumentCache full:https://registry.npmjs.org/is-glob cache-miss
733 silly fetch manifest anymatch@~3.1.2
734 silly packumentCache full:https://registry.npmjs.org/anymatch cache-miss
735 silly fetch manifest readdirp@~3.6.0
736 silly packumentCache full:https://registry.npmjs.org/readdirp cache-miss
737 silly fetch manifest glob-parent@~5.1.2
738 silly packumentCache full:https://registry.npmjs.org/glob-parent cache-miss
739 silly fetch manifest is-binary-path@~2.1.0
740 silly packumentCache full:https://registry.npmjs.org/is-binary-path cache-miss
741 silly fetch manifest normalize-path@~3.0.0
742 silly packumentCache full:https://registry.npmjs.org/normalize-path cache-miss
743 http cache https://registry.npmjs.org/normalize-path 13ms (cache hit)
744 silly packumentCache full:https://registry.npmjs.org/normalize-path set size:28713 disposed:false
745 silly fetch manifest fsevents@~2.3.2
746 silly packumentCache full:https://registry.npmjs.org/fsevents cache-miss
747 http cache https://registry.npmjs.org/glob-parent 14ms (cache hit)
748 silly packumentCache full:https://registry.npmjs.org/glob-parent set size:42445 disposed:false
749 silly fetch manifest @nodelib/fs.stat@^2.0.2
750 silly packumentCache full:https://registry.npmjs.org/@nodelib%2ffs.stat cache-miss
751 http cache https://registry.npmjs.org/is-glob 15ms (cache hit)
752 silly packumentCache full:https://registry.npmjs.org/is-glob set size:40530 disposed:false
753 silly fetch manifest @nodelib/fs.walk@^1.2.3
754 silly packumentCache full:https://registry.npmjs.org/@nodelib%2ffs.walk cache-miss
755 http fetch GET 200 https://registry.npmjs.org/anymatch 33ms (cache miss)
756 silly packumentCache full:https://registry.npmjs.org/anymatch set size:undefined disposed:false
757 silly fetch manifest glob-parent@^5.1.2
758 silly packumentCache full:https://registry.npmjs.org/glob-parent cache-hit
759 silly fetch manifest merge2@^1.3.0
760 silly packumentCache full:https://registry.npmjs.org/merge2 cache-miss
761 http fetch GET 200 https://registry.npmjs.org/braces 34ms (cache miss)
762 silly packumentCache full:https://registry.npmjs.org/braces set size:undefined disposed:false
763 silly fetch manifest is-extglob@^2.1.1
764 silly packumentCache full:https://registry.npmjs.org/is-extglob cache-miss
765 http fetch GET 200 https://registry.npmjs.org/readdirp 36ms (cache miss)
766 silly packumentCache full:https://registry.npmjs.org/readdirp set size:undefined disposed:false
767 silly fetch manifest braces@^3.0.3
768 silly packumentCache full:https://registry.npmjs.org/braces cache-miss
769 http cache https://registry.npmjs.org/braces 1ms (cache hit)
770 silly packumentCache full:https://registry.npmjs.org/braces set size:114529 disposed:false
771 silly fetch manifest picomatch@^2.3.1
772 silly packumentCache full:https://registry.npmjs.org/picomatch cache-miss
773 http fetch GET 200 https://registry.npmjs.org/is-extglob 263ms (cache miss)
774 silly packumentCache full:https://registry.npmjs.org/is-extglob set size:undefined disposed:false
775 silly fetch manifest resolve@^1.1.7
776 silly packumentCache full:https://registry.npmjs.org/resolve cache-miss
777 http fetch GET 200 https://registry.npmjs.org/merge2 266ms (cache miss)
778 silly packumentCache full:https://registry.npmjs.org/merge2 set size:undefined disposed:false
779 silly fetch manifest read-cache@^1.0.0
780 silly packumentCache full:https://registry.npmjs.org/read-cache cache-miss
781 http fetch GET 200 https://registry.npmjs.org/is-binary-path 300ms (cache miss)
782 silly packumentCache full:https://registry.npmjs.org/is-binary-path set size:undefined disposed:false
783 silly fetch manifest camelcase-css@^2.0.1
784 silly packumentCache full:https://registry.npmjs.org/camelcase-css cache-miss
785 http fetch GET 200 https://registry.npmjs.org/picomatch 263ms (cache miss)
786 silly packumentCache full:https://registry.npmjs.org/picomatch set size:undefined disposed:false
787 silly fetch manifest postcss-selector-parser@^6.1.1
788 silly packumentCache full:https://registry.npmjs.org/postcss-selector-parser cache-miss
789 http fetch GET 200 https://registry.npmjs.org/fsevents 292ms (cache miss)
790 silly packumentCache full:https://registry.npmjs.org/fsevents set size:undefined disposed:false
791 silly fetch manifest cssesc@^3.0.0
792 silly packumentCache full:https://registry.npmjs.org/cssesc cache-miss
793 http cache https://registry.npmjs.org/resolve 14ms (cache hit)
794 silly packumentCache full:https://registry.npmjs.org/resolve set size:238156 disposed:false
795 silly fetch manifest util-deprecate@^1.0.2
796 silly packumentCache full:https://registry.npmjs.org/util-deprecate cache-miss
797 http cache https://registry.npmjs.org/postcss-selector-parser 10ms (cache hit)
798 silly packumentCache full:https://registry.npmjs.org/postcss-selector-parser set size:177140 disposed:false
799 silly fetch manifest path-parse@^1.0.7
800 silly packumentCache full:https://registry.npmjs.org/path-parse cache-miss
801 http fetch GET 200 https://registry.npmjs.org/util-deprecate 43ms (cache miss)
802 silly packumentCache full:https://registry.npmjs.org/util-deprecate set size:undefined disposed:false
803 silly fetch manifest is-core-module@^2.16.1
804 silly packumentCache full:https://registry.npmjs.org/is-core-module cache-miss
805 http fetch GET 200 https://registry.npmjs.org/read-cache 255ms (cache miss)
806 silly packumentCache full:https://registry.npmjs.org/read-cache set size:undefined disposed:false
807 silly fetch manifest supports-preserve-symlinks-flag@^1.0.0
808 silly packumentCache full:https://registry.npmjs.org/supports-preserve-symlinks-flag cache-miss
809 http fetch GET 200 https://registry.npmjs.org/path-parse 239ms (cache miss)
810 silly packumentCache full:https://registry.npmjs.org/path-parse set size:undefined disposed:false
811 silly fetch manifest @jridgewell/gen-mapping@^0.3.2
812 silly packumentCache full:https://registry.npmjs.org/@jridgewell%2fgen-mapping cache-miss
813 http fetch GET 200 https://registry.npmjs.org/@nodelib%2ffs.walk 559ms (cache miss)
814 silly packumentCache full:https://registry.npmjs.org/@nodelib%2ffs.walk set size:undefined disposed:false
815 silly fetch manifest commander@^4.0.0
816 silly packumentCache full:https://registry.npmjs.org/commander cache-miss
817 http fetch GET 200 https://registry.npmjs.org/is-core-module 221ms (cache miss)
818 silly packumentCache full:https://registry.npmjs.org/is-core-module set size:undefined disposed:false
819 silly fetch manifest lines-and-columns@^1.1.6
820 silly packumentCache full:https://registry.npmjs.org/lines-and-columns cache-miss
821 http fetch GET 200 https://registry.npmjs.org/@nodelib%2ffs.stat 576ms (cache miss)
822 silly packumentCache full:https://registry.npmjs.org/@nodelib%2ffs.stat set size:undefined disposed:false
823 silly fetch manifest mz@^2.7.0
824 silly packumentCache full:https://registry.npmjs.org/mz cache-miss
825 http fetch GET 200 https://registry.npmjs.org/commander 39ms (cache miss)
826 silly packumentCache full:https://registry.npmjs.org/commander set size:undefined disposed:false
827 silly fetch manifest pirates@^4.0.1
828 silly packumentCache full:https://registry.npmjs.org/pirates cache-miss
829 http fetch GET 200 https://registry.npmjs.org/lines-and-columns 38ms (cache miss)
830 silly packumentCache full:https://registry.npmjs.org/lines-and-columns set size:undefined disposed:false
831 silly fetch manifest tinyglobby@^0.2.11
832 silly packumentCache full:https://registry.npmjs.org/tinyglobby cache-miss
833 http fetch GET 200 https://registry.npmjs.org/pirates 28ms (cache miss)
834 silly packumentCache full:https://registry.npmjs.org/pirates set size:undefined disposed:false
835 silly fetch manifest ts-interface-checker@^0.1.9
836 silly packumentCache full:https://registry.npmjs.org/ts-interface-checker cache-miss
837 http fetch GET 200 https://registry.npmjs.org/supports-preserve-symlinks-flag 266ms (cache miss)
838 silly packumentCache full:https://registry.npmjs.org/supports-preserve-symlinks-flag set size:undefined disposed:false
839 http fetch GET 200 https://registry.npmjs.org/mz 230ms (cache miss)
840 silly packumentCache full:https://registry.npmjs.org/mz set size:undefined disposed:false
841 http fetch GET 200 https://registry.npmjs.org/tinyglobby 224ms (cache miss)
842 silly packumentCache full:https://registry.npmjs.org/tinyglobby set size:undefined disposed:false
843 http fetch GET 200 https://registry.npmjs.org/cssesc 600ms (cache miss)
844 silly packumentCache full:https://registry.npmjs.org/cssesc set size:undefined disposed:false
845 http fetch GET 200 https://registry.npmjs.org/camelcase-css 609ms (cache miss)
846 silly packumentCache full:https://registry.npmjs.org/camelcase-css set size:undefined disposed:false
847 http fetch GET 200 https://registry.npmjs.org/ts-interface-checker 280ms (cache miss)
848 silly packumentCache full:https://registry.npmjs.org/ts-interface-checker set size:undefined disposed:false
849 http fetch GET 200 https://registry.npmjs.org/@jridgewell%2fgen-mapping 563ms (cache miss)
850 silly packumentCache full:https://registry.npmjs.org/@jridgewell%2fgen-mapping set size:undefined disposed:false
851 silly placeDep ROOT anymatch@3.1.3 OK for: chokidar@3.6.0 want: ~3.1.2
852 silly placeDep ROOT braces@3.0.3 OK for: chokidar@3.6.0 want: ~3.0.2
853 silly placeDep ROOT fsevents@2.3.3 OK for: chokidar@3.6.0 want: ~2.3.2
854 silly placeDep node_modules/chokidar glob-parent@5.1.2 OK for: chokidar@3.6.0 want: ~5.1.2
855 silly placeDep ROOT is-binary-path@2.1.0 OK for: chokidar@3.6.0 want: ~2.1.0
856 silly placeDep ROOT readdirp@3.6.0 OK for: chokidar@3.6.0 want: ~3.6.0
857 silly fetch manifest picomatch@^2.0.4
858 silly packumentCache full:https://registry.npmjs.org/picomatch cache-miss
859 silly fetch manifest fill-range@^7.1.1
860 silly packumentCache full:https://registry.npmjs.org/fill-range cache-miss
861 silly fetch manifest binary-extensions@^2.0.0
862 silly packumentCache full:https://registry.npmjs.org/binary-extensions cache-miss
863 silly fetch manifest picomatch@^2.2.1
864 silly packumentCache full:https://registry.npmjs.org/picomatch cache-miss
865 http cache https://registry.npmjs.org/picomatch 4ms (cache hit)
866 silly packumentCache full:https://registry.npmjs.org/picomatch set size:118818 disposed:false
867 http cache https://registry.npmjs.org/picomatch 5ms (cache hit)
868 silly packumentCache full:https://registry.npmjs.org/picomatch set size:118818 disposed:false
869 silly packumentCache full:https://registry.npmjs.org/picomatch dispose
870 http fetch GET 200 https://registry.npmjs.org/fill-range 29ms (cache miss)
871 silly packumentCache full:https://registry.npmjs.org/fill-range set size:undefined disposed:false
872 http fetch GET 200 https://registry.npmjs.org/binary-extensions 223ms (cache miss)
873 silly packumentCache full:https://registry.npmjs.org/binary-extensions set size:undefined disposed:false
874 silly placeDep ROOT picomatch@2.3.1 OK for: anymatch@3.1.3 want: ^2.0.4
875 silly placeDep ROOT fill-range@7.1.1 OK for: braces@3.0.3 want: ^7.1.1
876 silly fetch manifest to-regex-range@^5.0.1
877 silly packumentCache full:https://registry.npmjs.org/to-regex-range cache-miss
878 http fetch GET 200 https://registry.npmjs.org/to-regex-range 36ms (cache miss)
879 silly packumentCache full:https://registry.npmjs.org/to-regex-range set size:undefined disposed:false
880 silly placeDep ROOT @nodelib/fs.stat@2.0.5 OK for: fast-glob@3.3.3 want: ^2.0.2
881 silly placeDep ROOT @nodelib/fs.walk@1.2.8 OK for: fast-glob@3.3.3 want: ^1.2.3
882 silly placeDep node_modules/fast-glob glob-parent@5.1.2 OK for: fast-glob@3.3.3 want: ^5.1.2
883 silly placeDep ROOT merge2@1.4.1 OK for: fast-glob@3.3.3 want: ^1.3.0
884 silly fetch manifest fastq@^1.6.0
885 silly packumentCache full:https://registry.npmjs.org/fastq cache-miss
886 silly fetch manifest @nodelib/fs.scandir@2.1.5
887 silly packumentCache full:https://registry.npmjs.org/@nodelib%2ffs.scandir cache-miss
888 http fetch GET 200 https://registry.npmjs.org/fastq 230ms (cache miss)
889 silly packumentCache full:https://registry.npmjs.org/fastq set size:undefined disposed:false
890 http fetch GET 200 https://registry.npmjs.org/@nodelib%2ffs.scandir 1008ms (cache miss)
891 silly packumentCache full:https://registry.npmjs.org/@nodelib%2ffs.scandir set size:undefined disposed:false
892 silly placeDep ROOT @nodelib/fs.scandir@2.1.5 OK for: @nodelib/fs.walk@1.2.8 want: 2.1.5
893 silly placeDep ROOT fastq@1.20.1 OK for: @nodelib/fs.walk@1.2.8 want: ^1.6.0
894 silly fetch manifest run-parallel@^1.1.9
895 silly packumentCache full:https://registry.npmjs.org/run-parallel cache-miss
896 silly fetch manifest reusify@^1.0.4
897 silly packumentCache full:https://registry.npmjs.org/reusify cache-miss
898 http fetch GET 200 https://registry.npmjs.org/run-parallel 224ms (cache miss)
899 silly packumentCache full:https://registry.npmjs.org/run-parallel set size:undefined disposed:false
900 http fetch GET 200 https://registry.npmjs.org/reusify 689ms (cache miss)
901 silly packumentCache full:https://registry.npmjs.org/reusify set size:undefined disposed:false
902 silly placeDep ROOT run-parallel@1.2.0 OK for: @nodelib/fs.scandir@2.1.5 want: ^1.1.9
903 silly fetch manifest queue-microtask@^1.2.2
904 silly packumentCache full:https://registry.npmjs.org/queue-microtask cache-miss
905 http fetch GET 200 https://registry.npmjs.org/queue-microtask 588ms (cache miss)
906 silly packumentCache full:https://registry.npmjs.org/queue-microtask set size:undefined disposed:false
907 silly placeDep ROOT reusify@1.1.0 OK for: fastq@1.20.1 want: ^1.0.4
908 silly placeDep ROOT to-regex-range@5.0.1 OK for: fill-range@7.1.1 want: ^5.0.1
909 silly fetch manifest is-number@^7.0.0
910 silly packumentCache full:https://registry.npmjs.org/is-number cache-miss
911 http fetch GET 200 https://registry.npmjs.org/is-number 34ms (cache miss)
912 silly packumentCache full:https://registry.npmjs.org/is-number set size:undefined disposed:false
913 silly placeDep ROOT binary-extensions@2.3.0 OK for: is-binary-path@2.1.0 want: ^2.0.0
914 silly placeDep ROOT is-extglob@2.1.1 OK for: is-glob@4.0.3 want: ^2.1.1
915 silly placeDep ROOT read-cache@1.0.0 OK for: postcss-import@15.1.0 want: ^1.0.0
916 silly fetch manifest pify@^2.3.0
917 silly packumentCache full:https://registry.npmjs.org/pify cache-miss
918 http fetch GET 200 https://registry.npmjs.org/pify 242ms (cache miss)
919 silly packumentCache full:https://registry.npmjs.org/pify set size:undefined disposed:false
920 silly placeDep ROOT camelcase-css@2.0.1 OK for: postcss-js@4.1.0 want: ^2.0.1
921 silly placeDep ROOT cssesc@3.0.0 OK for: postcss-selector-parser@6.1.2 want: ^3.0.0
922 silly placeDep ROOT util-deprecate@1.0.2 OK for: postcss-selector-parser@6.1.2 want: ^1.0.2
923 silly placeDep ROOT pify@2.3.0 OK for: read-cache@1.0.0 want: ^2.3.0
924 silly placeDep ROOT is-core-module@2.16.1 OK for: resolve@1.22.11 want: ^2.16.1
925 silly placeDep ROOT path-parse@1.0.7 OK for: resolve@1.22.11 want: ^1.0.7
926 silly placeDep ROOT supports-preserve-symlinks-flag@1.0.0 OK for: resolve@1.22.11 want: ^1.0.0
927 silly placeDep ROOT queue-microtask@1.2.3 OK for: run-parallel@1.2.0 want: ^1.2.2
928 silly placeDep ROOT @jridgewell/gen-mapping@0.3.13 OK for: sucrase@3.35.1 want: ^0.3.2
929 silly placeDep ROOT commander@4.1.1 OK for: sucrase@3.35.1 want: ^4.0.0
930 silly placeDep ROOT lines-and-columns@1.2.4 OK for: sucrase@3.35.1 want: ^1.1.6
931 silly placeDep ROOT mz@2.7.0 OK for: sucrase@3.35.1 want: ^2.7.0
932 silly placeDep ROOT pirates@4.0.7 OK for: sucrase@3.35.1 want: ^4.0.1
933 silly placeDep ROOT tinyglobby@0.2.15 OK for: sucrase@3.35.1 want: ^0.2.11
934 silly placeDep ROOT ts-interface-checker@0.1.13 OK for: sucrase@3.35.1 want: ^0.1.9
935 silly fetch manifest @jridgewell/sourcemap-codec@^1.5.0
936 silly packumentCache full:https://registry.npmjs.org/@jridgewell%2fsourcemap-codec cache-miss
937 silly fetch manifest @jridgewell/trace-mapping@^0.3.24
938 silly packumentCache full:https://registry.npmjs.org/@jridgewell%2ftrace-mapping cache-miss
939 silly fetch manifest any-promise@^1.0.0
940 silly packumentCache full:https://registry.npmjs.org/any-promise cache-miss
941 silly fetch manifest thenify-all@^1.0.0
942 silly packumentCache full:https://registry.npmjs.org/thenify-all cache-miss
943 silly fetch manifest fdir@^6.5.0
944 silly packumentCache full:https://registry.npmjs.org/fdir cache-miss
945 silly fetch manifest picomatch@^4.0.3
946 silly packumentCache full:https://registry.npmjs.org/picomatch cache-hit
947 http fetch GET 200 https://registry.npmjs.org/@jridgewell%2ftrace-mapping 156ms (cache miss)
948 silly packumentCache full:https://registry.npmjs.org/@jridgewell%2ftrace-mapping set size:undefined disposed:false
949 http fetch GET 200 https://registry.npmjs.org/thenify-all 321ms (cache miss)
950 silly packumentCache full:https://registry.npmjs.org/thenify-all set size:undefined disposed:false
951 http fetch GET 200 https://registry.npmjs.org/fdir 321ms (cache miss)
952 silly packumentCache full:https://registry.npmjs.org/fdir set size:undefined disposed:false
953 http fetch GET 200 https://registry.npmjs.org/any-promise 680ms (cache miss)
954 silly packumentCache full:https://registry.npmjs.org/any-promise set size:undefined disposed:false
955 http fetch GET 200 https://registry.npmjs.org/@jridgewell%2fsourcemap-codec 1044ms (cache miss)
956 silly packumentCache full:https://registry.npmjs.org/@jridgewell%2fsourcemap-codec set size:undefined disposed:false
957 silly placeDep ROOT @jridgewell/sourcemap-codec@1.5.5 OK for: @jridgewell/gen-mapping@0.3.13 want: ^1.5.0
958 silly placeDep ROOT @jridgewell/trace-mapping@0.3.31 OK for: @jridgewell/gen-mapping@0.3.13 want: ^0.3.24
959 silly fetch manifest @jridgewell/resolve-uri@^3.1.0
960 silly packumentCache full:https://registry.npmjs.org/@jridgewell%2fresolve-uri cache-miss
961 http fetch GET 200 https://registry.npmjs.org/@jridgewell%2fresolve-uri 1043ms (cache miss)
962 silly packumentCache full:https://registry.npmjs.org/@jridgewell%2fresolve-uri set size:undefined disposed:false
963 silly placeDep ROOT @jridgewell/resolve-uri@3.1.2 OK for: @jridgewell/trace-mapping@0.3.31 want: ^3.1.0
964 silly placeDep ROOT any-promise@1.3.0 OK for: mz@2.7.0 want: ^1.0.0
965 silly placeDep ROOT thenify-all@1.6.0 OK for: mz@2.7.0 want: ^1.0.0
966 silly fetch manifest thenify@>= 3.1.0 < 4
967 silly packumentCache full:https://registry.npmjs.org/thenify cache-miss
968 http fetch GET 200 https://registry.npmjs.org/thenify 326ms (cache miss)
969 silly packumentCache full:https://registry.npmjs.org/thenify set size:undefined disposed:false
970 silly placeDep ROOT thenify@3.3.1 OK for: thenify-all@1.6.0 want: >= 3.1.0 < 4
971 silly placeDep node_modules/tinyglobby fdir@6.5.0 OK for: tinyglobby@0.2.15 want: ^6.5.0
972 silly placeDep node_modules/tinyglobby picomatch@4.0.3 OK for: fdir@6.5.0 want: ^3 || ^4
973 silly placeDep ROOT is-number@7.0.0 OK for: to-regex-range@5.0.1 want: ^7.0.0
974 silly placeDep ROOT escalade@3.2.0 OK for: update-browserslist-db@1.2.3 want: ^3.2.0
975 silly placeDep ROOT @types/d3-array@3.2.2 OK for: victory-vendor@36.9.2 want: ^3.0.3
976 silly placeDep ROOT @types/d3-ease@3.0.2 OK for: victory-vendor@36.9.2 want: ^3.0.0
977 silly placeDep ROOT @types/d3-interpolate@3.0.4 OK for: victory-vendor@36.9.2 want: ^3.0.1
978 silly placeDep ROOT @types/d3-scale@4.0.9 OK for: victory-vendor@36.9.2 want: ^4.0.2
979 silly placeDep ROOT @types/d3-shape@3.1.8 OK for: victory-vendor@36.9.2 want: ^3.1.0
980 silly placeDep ROOT @types/d3-time@3.0.4 OK for: victory-vendor@36.9.2 want: ^3.0.0
981 silly placeDep ROOT @types/d3-timer@3.0.2 OK for: victory-vendor@36.9.2 want: ^3.0.0
982 silly placeDep ROOT d3-array@3.2.4 OK for: victory-vendor@36.9.2 want: ^3.1.6
983 silly placeDep ROOT d3-ease@3.0.1 OK for: victory-vendor@36.9.2 want: ^3.0.1
984 silly placeDep ROOT d3-interpolate@3.0.1 OK for: victory-vendor@36.9.2 want: ^3.0.1
985 silly placeDep ROOT d3-scale@4.0.2 OK for: victory-vendor@36.9.2 want: ^4.0.2
986 silly placeDep ROOT d3-shape@3.2.0 OK for: victory-vendor@36.9.2 want: ^3.1.0
987 silly placeDep ROOT d3-time@3.1.0 OK for: victory-vendor@36.9.2 want: ^3.0.0
988 silly placeDep ROOT d3-timer@3.0.1 OK for: victory-vendor@36.9.2 want: ^3.0.1
989 silly fetch manifest @types/d3-color@*
990 silly packumentCache full:https://registry.npmjs.org/@types%2fd3-color cache-miss
991 silly fetch manifest @types/d3-time@*
992 silly packumentCache full:https://registry.npmjs.org/@types%2fd3-time cache-miss
993 silly fetch manifest @types/d3-path@*
994 silly packumentCache full:https://registry.npmjs.org/@types%2fd3-path cache-miss
995 silly fetch manifest internmap@1 - 2
996 silly packumentCache full:https://registry.npmjs.org/internmap cache-miss
997 silly fetch manifest d3-color@1 - 3
998 silly packumentCache full:https://registry.npmjs.org/d3-color cache-miss
999 silly fetch manifest d3-format@1 - 3
1000 silly packumentCache full:https://registry.npmjs.org/d3-format cache-miss
1001 silly fetch manifest d3-time@2.1.1 - 3
1002 silly packumentCache full:https://registry.npmjs.org/d3-time cache-miss
1003 http cache https://registry.npmjs.org/d3-time 7ms (cache hit)
1004 silly packumentCache full:https://registry.npmjs.org/d3-time set size:150406 disposed:false
1005 silly fetch manifest d3-time-format@2 - 4
1006 silly packumentCache full:https://registry.npmjs.org/d3-time-format cache-miss
1007 http cache https://registry.npmjs.org/@types%2fd3-time 9ms (cache hit)
1008 silly packumentCache full:https://registry.npmjs.org/@types%2fd3-time set size:52652 disposed:false
1009 silly fetch manifest d3-path@^3.1.0
1010 silly packumentCache full:https://registry.npmjs.org/d3-path cache-miss
1011 http fetch GET 200 https://registry.npmjs.org/internmap 349ms (cache miss)
1012 silly packumentCache full:https://registry.npmjs.org/internmap set size:undefined disposed:false
1013 http fetch GET 200 https://registry.npmjs.org/d3-path 340ms (cache miss)
1014 silly packumentCache full:https://registry.npmjs.org/d3-path set size:undefined disposed:false
1015 http fetch GET 200 https://registry.npmjs.org/d3-format 350ms (cache miss)
1016 silly packumentCache full:https://registry.npmjs.org/d3-format set size:undefined disposed:false
1017 http fetch GET 200 https://registry.npmjs.org/d3-time-format 342ms (cache miss)
1018 silly packumentCache full:https://registry.npmjs.org/d3-time-format set size:undefined disposed:false
1019 http fetch GET 200 https://registry.npmjs.org/@types%2fd3-path 423ms (cache miss)
1020 silly packumentCache full:https://registry.npmjs.org/@types%2fd3-path set size:undefined disposed:false
1021 http fetch GET 200 https://registry.npmjs.org/@types%2fd3-color 429ms (cache miss)
1022 silly packumentCache full:https://registry.npmjs.org/@types%2fd3-color set size:undefined disposed:false
1023 http fetch GET 200 https://registry.npmjs.org/d3-color 709ms (cache miss)
1024 silly packumentCache full:https://registry.npmjs.org/d3-color set size:undefined disposed:false
1025 silly placeDep ROOT @types/d3-color@3.1.3 OK for: @types/d3-interpolate@3.0.4 want: *
1026 silly placeDep ROOT @types/d3-path@3.1.1 OK for: @types/d3-shape@3.1.8 want: *
1027 silly placeDep ROOT internmap@2.0.3 OK for: d3-array@3.2.4 want: 1 - 2
1028 silly placeDep ROOT d3-color@3.1.0 OK for: d3-interpolate@3.0.1 want: 1 - 3
1029 silly placeDep ROOT d3-format@3.1.2 OK for: d3-scale@4.0.2 want: 1 - 3
1030 silly placeDep ROOT d3-time-format@4.1.0 OK for: d3-scale@4.0.2 want: 2 - 4
1031 silly placeDep ROOT d3-path@3.1.0 OK for: d3-shape@3.2.0 want: ^3.1.0
1032 silly reify moves {}
1033 silly audit bulk request {
1033 silly audit   '@tanstack/react-query': [ '5.90.21' ],
1033 silly audit   react: [ '18.2.0' ],
1033 silly audit   '@types/node': [ '20.19.34' ],
1033 silly audit   '@types/react': [ '18.3.28' ],
1033 silly audit   '@types/react-dom': [ '18.3.7' ],
1033 silly audit   autoprefixer: [ '10.4.27' ],
1033 silly audit   postcss: [ '8.5.6', '8.4.31' ],
1033 silly audit   axios: [ '1.13.5' ],
1033 silly audit   clsx: [ '2.1.1' ],
1033 silly audit   'date-fns': [ '3.6.0' ],
1033 silly audit   'framer-motion': [ '11.18.2' ],
1033 silly audit   'lucide-react': [ '0.312.0' ],
1033 silly audit   next: [ '14.1.0' ],
1033 silly audit   'react-dom': [ '18.2.0' ],
1033 silly audit   recharts: [ '2.15.4' ],
1033 silly audit   swr: [ '2.4.0' ],
1033 silly audit   'tailwind-merge': [ '2.6.1' ],
1033 silly audit   tailwindcss: [ '3.4.19' ],
1033 silly audit   typescript: [ '5.9.3' ],
1033 silly audit   '@tanstack/query-core': [ '5.90.20' ],
1033 silly audit   'undici-types': [ '6.21.0' ],
1033 silly audit   '@types/prop-types': [ '15.7.15' ],
1033 silly audit   csstype: [ '3.2.3' ],
1033 silly audit   browserslist: [ '4.28.1' ],
1033 silly audit   'caniuse-lite': [ '1.0.30001774' ],
1033 silly audit   'fraction.js': [ '5.3.4' ],
1033 silly audit   picocolors: [ '1.1.1' ],
1033 silly audit   'postcss-value-parser': [ '4.2.0' ],
1033 silly audit   'follow-redirects': [ '1.15.11' ],
1033 silly audit   'form-data': [ '4.0.5' ],
1033 silly audit   'proxy-from-env': [ '1.1.0' ],
1033 silly audit   'baseline-browser-mapping': [ '2.10.0' ],
1033 silly audit   'electron-to-chromium': [ '1.5.302' ],
1033 silly audit   'node-releases': [ '2.0.27' ],
1033 silly audit   'update-browserslist-db': [ '1.2.3' ],
1033 silly audit   asynckit: [ '0.4.0' ],
1033 silly audit   'combined-stream': [ '1.0.8' ],
1033 silly audit   'es-set-tostringtag': [ '2.1.0' ],
1033 silly audit   hasown: [ '2.0.2' ],
1033 silly audit   'mime-types': [ '2.1.35' ],
1033 silly audit   'delayed-stream': [ '1.0.0' ],
1033 silly audit   'es-errors': [ '1.3.0' ],
1033 silly audit   'get-intrinsic': [ '1.3.0' ],
1033 silly audit   'has-tostringtag': [ '1.0.2' ],
1033 silly audit   'motion-dom': [ '11.18.1' ],
1033 silly audit   'motion-utils': [ '11.18.1' ],
1033 silly audit   tslib: [ '2.8.1' ],
1033 silly audit   'call-bind-apply-helpers': [ '1.0.2' ],
1033 silly audit   'es-define-property': [ '1.0.1' ],
1033 silly audit   'es-object-atoms': [ '1.1.1' ],
1033 silly audit   'function-bind': [ '1.1.2' ],
1033 silly audit   'get-proto': [ '1.0.1' ],
1033 silly audit   gopd: [ '1.2.0' ],
1033 silly audit   'has-symbols': [ '1.1.0' ],
1033 silly audit   'math-intrinsics': [ '1.1.0' ],
1033 silly audit   'dunder-proto': [ '1.0.1' ],
1033 silly audit   'mime-db': [ '1.52.0' ],
1033 silly audit   '@next/env': [ '14.1.0' ],
1033 silly audit   '@next/swc-darwin-arm64': [ '14.1.0' ],
1033 silly audit   '@next/swc-darwin-x64': [ '14.1.0' ],
1033 silly audit   '@next/swc-linux-arm64-gnu': [ '14.1.0' ],
1033 silly audit   '@next/swc-linux-arm64-musl': [ '14.1.0' ],
1033 silly audit   '@next/swc-linux-x64-gnu': [ '14.1.0' ],
1033 silly audit   '@next/swc-linux-x64-musl': [ '14.1.0' ],
1033 silly audit   '@next/swc-win32-arm64-msvc': [ '14.1.0' ],
1033 silly audit   '@next/swc-win32-ia32-msvc': [ '14.1.0' ],
1033 silly audit   '@next/swc-win32-x64-msvc': [ '14.1.0' ],
1033 silly audit   '@swc/helpers': [ '0.5.2' ],
1033 silly audit   busboy: [ '1.6.0' ],
1033 silly audit   'graceful-fs': [ '4.2.11' ],
1033 silly audit   'styled-jsx': [ '5.1.1' ],
1033 silly audit   streamsearch: [ '1.1.0' ],
1033 silly audit   nanoid: [ '3.3.11' ],
1033 silly audit   'source-map-js': [ '1.2.1' ],
1033 silly audit   'loose-envify': [ '1.4.0' ],
1033 silly audit   'js-tokens': [ '4.0.0' ],
1033 silly audit   scheduler: [ '0.23.2' ],
1033 silly audit   eventemitter3: [ '4.0.7' ],
1033 silly audit   lodash: [ '4.17.23' ],
1033 silly audit   'react-is': [ '18.3.1', '16.13.1' ],
1033 silly audit   'react-smooth': [ '4.0.4' ],
1033 silly audit   'recharts-scale': [ '0.4.5' ],
1033 silly audit   'tiny-invariant': [ '1.3.3' ],
1033 silly audit   'victory-vendor': [ '36.9.2' ],
1033 silly audit   'fast-equals': [ '5.4.0' ],
1033 silly audit   'prop-types': [ '15.8.1' ],
1033 silly audit   'react-transition-group': [ '4.4.5' ],
1033 silly audit   'object-assign': [ '4.1.1' ],
1033 silly audit   '@babel/runtime': [ '7.28.6' ],
1033 silly audit   'dom-helpers': [ '5.2.1' ],
1033 silly audit   'decimal.js-light': [ '2.5.1' ],
1033 silly audit   'client-only': [ '0.0.1' ],
1033 silly audit   dequal: [ '2.0.3' ],
1033 silly audit   'use-sync-external-store': [ '1.6.0' ],
1033 silly audit   '@alloc/quick-lru': [ '5.2.0' ],
1033 silly audit   arg: [ '5.0.2' ],
1033 silly audit   chokidar: [ '3.6.0' ],
1033 silly audit   didyoumean: [ '1.2.2' ],
1033 silly audit   dlv: [ '1.1.3' ],
1033 silly audit   'fast-glob': [ '3.3.3' ],
1033 silly audit   'glob-parent': [ '6.0.2', '5.1.2' ],
1033 silly audit   'is-glob': [ '4.0.3' ],
1033 silly audit   jiti: [ '1.21.7' ],
1033 silly audit   lilconfig: [ '3.1.3' ],
1033 silly audit   micromatch: [ '4.0.8' ],
1033 silly audit   'normalize-path': [ '3.0.0' ],
1033 silly audit   'object-hash': [ '3.0.0' ],
1033 silly audit   'postcss-import': [ '15.1.0' ],
1033 silly audit   'postcss-js': [ '4.1.0' ],
1033 silly audit   'postcss-load-config': [ '6.0.1' ],
1033 silly audit   'postcss-nested': [ '6.2.0' ],
1033 silly audit   'postcss-selector-parser': [ '6.1.2' ],
1033 silly audit   resolve: [ '1.22.11' ],
1033 silly audit   sucrase: [ '3.35.1' ],
1033 silly audit   anymatch: [ '3.1.3' ],
1033 silly audit   braces: [ '3.0.3' ],
1033 silly audit   fsevents: [ '2.3.3' ],
1033 silly audit   'is-binary-path': [ '2.1.0' ],
1033 silly audit   readdirp: [ '3.6.0' ],
1033 silly audit   picomatch: [ '2.3.1', '4.0.3' ],
1033 silly audit   'fill-range': [ '7.1.1' ],
1033 silly audit   '@nodelib/fs.stat': [ '2.0.5' ],
1033 silly audit   '@nodelib/fs.walk': [ '1.2.8' ],
1033 silly audit   merge2: [ '1.4.1' ],
1033 silly audit   '@nodelib/fs.scandir': [ '2.1.5' ],
1033 silly audit   fastq: [ '1.20.1' ],
1033 silly audit   'run-parallel': [ '1.2.0' ],
1033 silly audit   reusify: [ '1.1.0' ],
1033 silly audit   'to-regex-range': [ '5.0.1' ],
1033 silly audit   'binary-extensions': [ '2.3.0' ],
1033 silly audit   'is-extglob': [ '2.1.1' ],
1033 silly audit   'read-cache': [ '1.0.0' ],
1033 silly audit   'camelcase-css': [ '2.0.1' ],
1033 silly audit   cssesc: [ '3.0.0' ],
1033 silly audit   'util-deprecate': [ '1.0.2' ],
1033 silly audit   pify: [ '2.3.0' ],
1033 silly audit   'is-core-module': [ '2.16.1' ],
1033 silly audit   'path-parse': [ '1.0.7' ],
1033 silly audit   'supports-preserve-symlinks-flag': [ '1.0.0' ],
1033 silly audit   'queue-microtask': [ '1.2.3' ],
1033 silly audit   '@jridgewell/gen-mapping': [ '0.3.13' ],
1033 silly audit   commander: [ '4.1.1' ],
1033 silly audit   'lines-and-columns': [ '1.2.4' ],
1033 silly audit   mz: [ '2.7.0' ],
1033 silly audit   pirates: [ '4.0.7' ],
1033 silly audit   tinyglobby: [ '0.2.15' ],
1033 silly audit   'ts-interface-checker': [ '0.1.13' ],
1033 silly audit   '@jridgewell/sourcemap-codec': [ '1.5.5' ],
1033 silly audit   '@jridgewell/trace-mapping': [ '0.3.31' ],
1033 silly audit   '@jridgewell/resolve-uri': [ '3.1.2' ],
1033 silly audit   'any-promise': [ '1.3.0' ],
1033 silly audit   'thenify-all': [ '1.6.0' ],
1033 silly audit   thenify: [ '3.3.1' ],
1033 silly audit   fdir: [ '6.5.0' ],
1033 silly audit   'is-number': [ '7.0.0' ],
1033 silly audit   escalade: [ '3.2.0' ],
1033 silly audit   '@types/d3-array': [ '3.2.2' ],
1033 silly audit   '@types/d3-ease': [ '3.0.2' ],
1033 silly audit   '@types/d3-interpolate': [ '3.0.4' ],
1033 silly audit   '@types/d3-scale': [ '4.0.9' ],
1033 silly audit   '@types/d3-shape': [ '3.1.8' ],
1033 silly audit   '@types/d3-time': [ '3.0.4' ],
1033 silly audit   '@types/d3-timer': [ '3.0.2' ],
1033 silly audit   'd3-array': [ '3.2.4' ],
1033 silly audit   'd3-ease': [ '3.0.1' ],
1033 silly audit   'd3-interpolate': [ '3.0.1' ],
1033 silly audit   'd3-scale': [ '4.0.2' ],
1033 silly audit   'd3-shape': [ '3.2.0' ],
1033 silly audit   'd3-time': [ '3.1.0' ],
1033 silly audit   'd3-timer': [ '3.0.1' ],
1033 silly audit   '@types/d3-color': [ '3.1.3' ],
1033 silly audit   '@types/d3-path': [ '3.1.1' ],
1033 silly audit   internmap: [ '2.0.3' ],
1033 silly audit   'd3-color': [ '3.1.0' ],
1033 silly audit   'd3-format': [ '3.1.2' ],
1033 silly audit   'd3-time-format': [ '4.1.0' ],
1033 silly audit   'd3-path': [ '3.1.0' ]
1033 silly audit }
1034 verbose reify failed optional dependency /Users/franciscotaveira.ads/Documents/antigravity-kit/LUNA_OS/frontend/node_modules/@next/swc-win32-x64-msvc
1035 silly reify mark deleted [
1035 silly reify   '/Users/franciscotaveira.ads/Documents/antigravity-kit/LUNA_OS/frontend/node_modules/@next/swc-win32-x64-msvc'
1035 silly reify ]
1036 verbose reify failed optional dependency /Users/franciscotaveira.ads/Documents/antigravity-kit/LUNA_OS/frontend/node_modules/@next/swc-win32-ia32-msvc
1037 silly reify mark deleted [
1037 silly reify   '/Users/franciscotaveira.ads/Documents/antigravity-kit/LUNA_OS/frontend/node_modules/@next/swc-win32-ia32-msvc'
1037 silly reify ]
1038 verbose reify failed optional dependency /Users/franciscotaveira.ads/Documents/antigravity-kit/LUNA_OS/frontend/node_modules/@next/swc-win32-arm64-msvc
1039 silly reify mark deleted [
1039 silly reify   '/Users/franciscotaveira.ads/Documents/antigravity-kit/LUNA_OS/frontend/node_modules/@next/swc-win32-arm64-msvc'
1039 silly reify ]
1040 verbose reify failed optional dependency /Users/franciscotaveira.ads/Documents/antigravity-kit/LUNA_OS/frontend/node_modules/@next/swc-linux-x64-musl
1041 silly reify mark deleted [
1041 silly reify   '/Users/franciscotaveira.ads/Documents/antigravity-kit/LUNA_OS/frontend/node_modules/@next/swc-linux-x64-musl'
1041 silly reify ]
1042 verbose reify failed optional dependency /Users/franciscotaveira.ads/Documents/antigravity-kit/LUNA_OS/frontend/node_modules/@next/swc-linux-x64-gnu
1043 silly reify mark deleted [
1043 silly reify   '/Users/franciscotaveira.ads/Documents/antigravity-kit/LUNA_OS/frontend/node_modules/@next/swc-linux-x64-gnu'
1043 silly reify ]
1044 verbose reify failed optional dependency /Users/franciscotaveira.ads/Documents/antigravity-kit/LUNA_OS/frontend/node_modules/@next/swc-linux-arm64-musl
1045 silly reify mark deleted [
1045 silly reify   '/Users/franciscotaveira.ads/Documents/antigravity-kit/LUNA_OS/frontend/node_modules/@next/swc-linux-arm64-musl'
1045 silly reify ]
1046 verbose reify failed optional dependency /Users/franciscotaveira.ads/Documents/antigravity-kit/LUNA_OS/frontend/node_modules/@next/swc-linux-arm64-gnu
1047 silly reify mark deleted [
1047 silly reify   '/Users/franciscotaveira.ads/Documents/antigravity-kit/LUNA_OS/frontend/node_modules/@next/swc-linux-arm64-gnu'
1047 silly reify ]
1048 verbose reify failed optional dependency /Users/franciscotaveira.ads/Documents/antigravity-kit/LUNA_OS/frontend/node_modules/@next/swc-darwin-x64
1049 silly reify mark deleted [
1049 silly reify   '/Users/franciscotaveira.ads/Documents/antigravity-kit/LUNA_OS/frontend/node_modules/@next/swc-darwin-x64'
1049 silly reify ]
1050 http cache d3-time-format@https://registry.npmjs.org/d3-time-format/-/d3-time-format-4.1.0.tgz 0ms (cache hit)
1051 http cache d3-path@https://registry.npmjs.org/d3-path/-/d3-path-3.1.0.tgz 0ms (cache hit)
1052 http cache d3-color@https://registry.npmjs.org/d3-color/-/d3-color-3.1.0.tgz 1ms (cache hit)
1053 http cache d3-format@https://registry.npmjs.org/d3-format/-/d3-format-3.1.2.tgz 0ms (cache hit)
1054 http cache internmap@https://registry.npmjs.org/internmap/-/internmap-2.0.3.tgz 0ms (cache hit)
1055 http cache @types/d3-path@https://registry.npmjs.org/@types/d3-path/-/d3-path-3.1.1.tgz 0ms (cache hit)
1056 http cache @types/d3-color@https://registry.npmjs.org/@types/d3-color/-/d3-color-3.1.3.tgz 0ms (cache hit)
1057 http cache d3-timer@https://registry.npmjs.org/d3-timer/-/d3-timer-3.0.1.tgz 0ms (cache hit)
1058 http cache d3-time@https://registry.npmjs.org/d3-time/-/d3-time-3.1.0.tgz 0ms (cache hit)
1059 http cache d3-scale@https://registry.npmjs.org/d3-scale/-/d3-scale-4.0.2.tgz 0ms (cache hit)
1060 http cache d3-ease@https://registry.npmjs.org/d3-ease/-/d3-ease-3.0.1.tgz 0ms (cache hit)
1061 http cache d3-interpolate@https://registry.npmjs.org/d3-interpolate/-/d3-interpolate-3.0.1.tgz 0ms (cache hit)
1062 http cache @types/d3-timer@https://registry.npmjs.org/@types/d3-timer/-/d3-timer-3.0.2.tgz 0ms (cache hit)
1063 http cache @types/d3-time@https://registry.npmjs.org/@types/d3-time/-/d3-time-3.0.4.tgz 0ms (cache hit)
1064 http cache d3-array@https://registry.npmjs.org/d3-array/-/d3-array-3.2.4.tgz 0ms (cache hit)
1065 http cache @types/d3-shape@https://registry.npmjs.org/@types/d3-shape/-/d3-shape-3.1.8.tgz 0ms (cache hit)
1066 http cache @types/d3-scale@https://registry.npmjs.org/@types/d3-scale/-/d3-scale-4.0.9.tgz 0ms (cache hit)
1067 http cache @types/d3-interpolate@https://registry.npmjs.org/@types/d3-interpolate/-/d3-interpolate-3.0.4.tgz 0ms (cache hit)
1068 http cache d3-shape@https://registry.npmjs.org/d3-shape/-/d3-shape-3.2.0.tgz 0ms (cache hit)
1069 http cache escalade@https://registry.npmjs.org/escalade/-/escalade-3.2.0.tgz 0ms (cache hit)
1070 http cache is-number@https://registry.npmjs.org/is-number/-/is-number-7.0.0.tgz 0ms (cache hit)
1071 http cache @types/d3-ease@https://registry.npmjs.org/@types/d3-ease/-/d3-ease-3.0.2.tgz 0ms (cache hit)
1072 http cache any-promise@https://registry.npmjs.org/any-promise/-/any-promise-1.3.0.tgz 0ms (cache hit)
1073 http cache thenify@https://registry.npmjs.org/thenify/-/thenify-3.3.1.tgz 0ms (cache hit)
1074 http cache thenify-all@https://registry.npmjs.org/thenify-all/-/thenify-all-1.6.0.tgz 0ms (cache hit)
1075 http cache @types/d3-array@https://registry.npmjs.org/@types/d3-array/-/d3-array-3.2.2.tgz 0ms (cache hit)
1076 http cache @jridgewell/trace-mapping@https://registry.npmjs.org/@jridgewell/trace-mapping/-/trace-mapping-0.3.31.tgz 0ms (cache hit)
1077 http cache @jridgewell/resolve-uri@https://registry.npmjs.org/@jridgewell/resolve-uri/-/resolve-uri-3.1.2.tgz 0ms (cache hit)
1078 http cache ts-interface-checker@https://registry.npmjs.org/ts-interface-checker/-/ts-interface-checker-0.1.13.tgz 0ms (cache hit)
1079 http cache tinyglobby@https://registry.npmjs.org/tinyglobby/-/tinyglobby-0.2.15.tgz 0ms (cache hit)
1080 http cache pirates@https://registry.npmjs.org/pirates/-/pirates-4.0.7.tgz 0ms (cache hit)
1081 http cache mz@https://registry.npmjs.org/mz/-/mz-2.7.0.tgz 0ms (cache hit)
1082 http cache commander@https://registry.npmjs.org/commander/-/commander-4.1.1.tgz 0ms (cache hit)
1083 http cache @jridgewell/sourcemap-codec@https://registry.npmjs.org/@jridgewell/sourcemap-codec/-/sourcemap-codec-1.5.5.tgz 0ms (cache hit)
1084 http cache @jridgewell/gen-mapping@https://registry.npmjs.org/@jridgewell/gen-mapping/-/gen-mapping-0.3.13.tgz 0ms (cache hit)
1085 http cache lines-and-columns@https://registry.npmjs.org/lines-and-columns/-/lines-and-columns-1.2.4.tgz 0ms (cache hit)
1086 http cache queue-microtask@https://registry.npmjs.org/queue-microtask/-/queue-microtask-1.2.3.tgz 0ms (cache hit)
1087 http cache is-core-module@https://registry.npmjs.org/is-core-module/-/is-core-module-2.16.1.tgz 0ms (cache hit)
1088 http cache path-parse@https://registry.npmjs.org/path-parse/-/path-parse-1.0.7.tgz 0ms (cache hit)
1089 http cache supports-preserve-symlinks-flag@https://registry.npmjs.org/supports-preserve-symlinks-flag/-/supports-preserve-symlinks-flag-1.0.0.tgz 0ms (cache hit)
1090 http cache camelcase-css@https://registry.npmjs.org/camelcase-css/-/camelcase-css-2.0.1.tgz 0ms (cache hit)
1091 http cache pify@https://registry.npmjs.org/pify/-/pify-2.3.0.tgz 0ms (cache hit)
1092 http cache cssesc@https://registry.npmjs.org/cssesc/-/cssesc-3.0.0.tgz 0ms (cache hit)
1093 http cache to-regex-range@https://registry.npmjs.org/to-regex-range/-/to-regex-range-5.0.1.tgz 0ms (cache hit)
1094 http cache read-cache@https://registry.npmjs.org/read-cache/-/read-cache-1.0.0.tgz 0ms (cache hit)
1095 http cache is-extglob@https://registry.npmjs.org/is-extglob/-/is-extglob-2.1.1.tgz 0ms (cache hit)
1096 http cache util-deprecate@https://registry.npmjs.org/util-deprecate/-/util-deprecate-1.0.2.tgz 0ms (cache hit)
1097 http cache reusify@https://registry.npmjs.org/reusify/-/reusify-1.1.0.tgz 0ms (cache hit)
1098 http cache binary-extensions@https://registry.npmjs.org/binary-extensions/-/binary-extensions-2.3.0.tgz 0ms (cache hit)
1099 http cache run-parallel@https://registry.npmjs.org/run-parallel/-/run-parallel-1.2.0.tgz 0ms (cache hit)
1100 http cache @nodelib/fs.scandir@https://registry.npmjs.org/@nodelib/fs.scandir/-/fs.scandir-2.1.5.tgz 0ms (cache hit)
1101 http cache @nodelib/fs.walk@https://registry.npmjs.org/@nodelib/fs.walk/-/fs.walk-1.2.8.tgz 0ms (cache hit)
1102 http cache merge2@https://registry.npmjs.org/merge2/-/merge2-1.4.1.tgz 0ms (cache hit)
1103 http cache fastq@https://registry.npmjs.org/fastq/-/fastq-1.20.1.tgz 0ms (cache hit)
1104 http cache @nodelib/fs.stat@https://registry.npmjs.org/@nodelib/fs.stat/-/fs.stat-2.0.5.tgz 0ms (cache hit)
1105 http cache fill-range@https://registry.npmjs.org/fill-range/-/fill-range-7.1.1.tgz 0ms (cache hit)
1106 http cache is-binary-path@https://registry.npmjs.org/is-binary-path/-/is-binary-path-2.1.0.tgz 0ms (cache hit)
1107 http cache readdirp@https://registry.npmjs.org/readdirp/-/readdirp-3.6.0.tgz 0ms (cache hit)
1108 http cache fsevents@https://registry.npmjs.org/fsevents/-/fsevents-2.3.3.tgz 0ms (cache hit)
1109 http cache braces@https://registry.npmjs.org/braces/-/braces-3.0.3.tgz 0ms (cache hit)
1110 http cache anymatch@https://registry.npmjs.org/anymatch/-/anymatch-3.1.3.tgz 0ms (cache hit)
1111 http cache resolve@https://registry.npmjs.org/resolve/-/resolve-1.22.11.tgz 0ms (cache hit)
1112 http cache sucrase@https://registry.npmjs.org/sucrase/-/sucrase-3.35.1.tgz 0ms (cache hit)
1113 http cache postcss-selector-parser@https://registry.npmjs.org/postcss-selector-parser/-/postcss-selector-parser-6.1.2.tgz 0ms (cache hit)
1114 http cache postcss-nested@https://registry.npmjs.org/postcss-nested/-/postcss-nested-6.2.0.tgz 0ms (cache hit)
1115 http cache postcss-load-config@https://registry.npmjs.org/postcss-load-config/-/postcss-load-config-6.0.1.tgz 0ms (cache hit)
1116 http cache picomatch@https://registry.npmjs.org/picomatch/-/picomatch-2.3.1.tgz 0ms (cache hit)
1117 http cache object-hash@https://registry.npmjs.org/object-hash/-/object-hash-3.0.0.tgz 0ms (cache hit)
1118 http cache postcss-import@https://registry.npmjs.org/postcss-import/-/postcss-import-15.1.0.tgz 0ms (cache hit)
1119 http cache lilconfig@https://registry.npmjs.org/lilconfig/-/lilconfig-3.1.3.tgz 0ms (cache hit)
1120 http cache normalize-path@https://registry.npmjs.org/normalize-path/-/normalize-path-3.0.0.tgz 0ms (cache hit)
1121 http cache jiti@https://registry.npmjs.org/jiti/-/jiti-1.21.7.tgz 0ms (cache hit)
1122 http cache postcss-js@https://registry.npmjs.org/postcss-js/-/postcss-js-4.1.0.tgz 0ms (cache hit)
1123 http cache is-glob@https://registry.npmjs.org/is-glob/-/is-glob-4.0.3.tgz 0ms (cache hit)
1124 http cache glob-parent@https://registry.npmjs.org/glob-parent/-/glob-parent-6.0.2.tgz 0ms (cache hit)
1125 http cache fast-glob@https://registry.npmjs.org/fast-glob/-/fast-glob-3.3.3.tgz 0ms (cache hit)
1126 http cache dlv@https://registry.npmjs.org/dlv/-/dlv-1.1.3.tgz 0ms (cache hit)
1127 http cache didyoumean@https://registry.npmjs.org/didyoumean/-/didyoumean-1.2.2.tgz 0ms (cache hit)
1128 http cache micromatch@https://registry.npmjs.org/micromatch/-/micromatch-4.0.8.tgz 0ms (cache hit)
1129 http cache @alloc/quick-lru@https://registry.npmjs.org/@alloc/quick-lru/-/quick-lru-5.2.0.tgz 0ms (cache hit)
1130 http cache arg@https://registry.npmjs.org/arg/-/arg-5.0.2.tgz 0ms (cache hit)
1131 http cache client-only@https://registry.npmjs.org/client-only/-/client-only-0.0.1.tgz 0ms (cache hit)
1132 http cache use-sync-external-store@https://registry.npmjs.org/use-sync-external-store/-/use-sync-external-store-1.6.0.tgz 0ms (cache hit)
1133 http cache dequal@https://registry.npmjs.org/dequal/-/dequal-2.0.3.tgz 0ms (cache hit)
1134 http cache dom-helpers@https://registry.npmjs.org/dom-helpers/-/dom-helpers-5.2.1.tgz 0ms (cache hit)
1135 http cache @babel/runtime@https://registry.npmjs.org/@babel/runtime/-/runtime-7.28.6.tgz 0ms (cache hit)
1136 http cache decimal.js-light@https://registry.npmjs.org/decimal.js-light/-/decimal.js-light-2.5.1.tgz 0ms (cache hit)
1137 http cache object-assign@https://registry.npmjs.org/object-assign/-/object-assign-4.1.1.tgz 0ms (cache hit)
1138 http cache prop-types@https://registry.npmjs.org/prop-types/-/prop-types-15.8.1.tgz 0ms (cache hit)
1139 http cache react-transition-group@https://registry.npmjs.org/react-transition-group/-/react-transition-group-4.4.5.tgz 0ms (cache hit)
1140 http cache fast-equals@https://registry.npmjs.org/fast-equals/-/fast-equals-5.4.0.tgz 0ms (cache hit)
1141 http cache victory-vendor@https://registry.npmjs.org/victory-vendor/-/victory-vendor-36.9.2.tgz 0ms (cache hit)
1142 http cache recharts-scale@https://registry.npmjs.org/recharts-scale/-/recharts-scale-0.4.5.tgz 0ms (cache hit)
1143 http cache chokidar@https://registry.npmjs.org/chokidar/-/chokidar-3.6.0.tgz 0ms (cache hit)
1144 http cache react-is@https://registry.npmjs.org/react-is/-/react-is-18.3.1.tgz 0ms (cache hit)
1145 http cache lodash@https://registry.npmjs.org/lodash/-/lodash-4.17.23.tgz 0ms (cache hit)
1146 http cache eventemitter3@https://registry.npmjs.org/eventemitter3/-/eventemitter3-4.0.7.tgz 0ms (cache hit)
1147 http cache js-tokens@https://registry.npmjs.org/js-tokens/-/js-tokens-4.0.0.tgz 0ms (cache hit)
1148 http cache source-map-js@https://registry.npmjs.org/source-map-js/-/source-map-js-1.2.1.tgz 0ms (cache hit)
1149 http cache loose-envify@https://registry.npmjs.org/loose-envify/-/loose-envify-1.4.0.tgz 0ms (cache hit)
1150 http cache styled-jsx@https://registry.npmjs.org/styled-jsx/-/styled-jsx-5.1.1.tgz 0ms (cache hit)
1151 http cache nanoid@https://registry.npmjs.org/nanoid/-/nanoid-3.3.11.tgz 0ms (cache hit)
1152 http cache react-smooth@https://registry.npmjs.org/react-smooth/-/react-smooth-4.0.4.tgz 0ms (cache hit)
1153 http cache scheduler@https://registry.npmjs.org/scheduler/-/scheduler-0.23.2.tgz 0ms (cache hit)
1154 http cache tiny-invariant@https://registry.npmjs.org/tiny-invariant/-/tiny-invariant-1.3.3.tgz 0ms (cache hit)
1155 http cache graceful-fs@https://registry.npmjs.org/graceful-fs/-/graceful-fs-4.2.11.tgz 0ms (cache hit)
1156 http cache streamsearch@https://registry.npmjs.org/streamsearch/-/streamsearch-1.1.0.tgz 0ms (cache hit)
1157 http cache @swc/helpers@https://registry.npmjs.org/@swc/helpers/-/helpers-0.5.2.tgz 0ms (cache hit)
1158 http cache @next/swc-darwin-arm64@https://registry.npmjs.org/@next/swc-darwin-arm64/-/swc-darwin-arm64-14.1.0.tgz 0ms (cache hit)
1159 http cache mime-db@https://registry.npmjs.org/mime-db/-/mime-db-1.52.0.tgz 0ms (cache hit)
1160 http cache dunder-proto@https://registry.npmjs.org/dunder-proto/-/dunder-proto-1.0.1.tgz 0ms (cache hit)
1161 http cache math-intrinsics@https://registry.npmjs.org/math-intrinsics/-/math-intrinsics-1.1.0.tgz 0ms (cache hit)
1162 http cache has-symbols@https://registry.npmjs.org/has-symbols/-/has-symbols-1.1.0.tgz 0ms (cache hit)
1163 http cache gopd@https://registry.npmjs.org/gopd/-/gopd-1.2.0.tgz 0ms (cache hit)
1164 http cache function-bind@https://registry.npmjs.org/function-bind/-/function-bind-1.1.2.tgz 0ms (cache hit)
1165 http cache get-proto@https://registry.npmjs.org/get-proto/-/get-proto-1.0.1.tgz 0ms (cache hit)
1166 http cache es-object-atoms@https://registry.npmjs.org/es-object-atoms/-/es-object-atoms-1.1.1.tgz 0ms (cache hit)
1167 http cache es-define-property@https://registry.npmjs.org/es-define-property/-/es-define-property-1.0.1.tgz 0ms (cache hit)
1168 http cache busboy@https://registry.npmjs.org/busboy/-/busboy-1.6.0.tgz 0ms (cache hit)
1169 http cache call-bind-apply-helpers@https://registry.npmjs.org/call-bind-apply-helpers/-/call-bind-apply-helpers-1.0.2.tgz 0ms (cache hit)
1170 http cache tslib@https://registry.npmjs.org/tslib/-/tslib-2.8.1.tgz 1ms (cache hit)
1171 http cache @next/env@https://registry.npmjs.org/@next/env/-/env-14.1.0.tgz 0ms (cache hit)
1172 http cache has-tostringtag@https://registry.npmjs.org/has-tostringtag/-/has-tostringtag-1.0.2.tgz 0ms (cache hit)
1173 http cache motion-dom@https://registry.npmjs.org/motion-dom/-/motion-dom-11.18.1.tgz 0ms (cache hit)
1174 http cache get-intrinsic@https://registry.npmjs.org/get-intrinsic/-/get-intrinsic-1.3.0.tgz 0ms (cache hit)
1175 http cache delayed-stream@https://registry.npmjs.org/delayed-stream/-/delayed-stream-1.0.0.tgz 0ms (cache hit)
1176 http cache es-errors@https://registry.npmjs.org/es-errors/-/es-errors-1.3.0.tgz 0ms (cache hit)
1177 http cache mime-types@https://registry.npmjs.org/mime-types/-/mime-types-2.1.35.tgz 0ms (cache hit)
1178 http cache es-set-tostringtag@https://registry.npmjs.org/es-set-tostringtag/-/es-set-tostringtag-2.1.0.tgz 0ms (cache hit)
1179 http cache combined-stream@https://registry.npmjs.org/combined-stream/-/combined-stream-1.0.8.tgz 0ms (cache hit)
1180 http cache motion-utils@https://registry.npmjs.org/motion-utils/-/motion-utils-11.18.1.tgz 0ms (cache hit)
1181 http cache asynckit@https://registry.npmjs.org/asynckit/-/asynckit-0.4.0.tgz 0ms (cache hit)
1182 http cache hasown@https://registry.npmjs.org/hasown/-/hasown-2.0.2.tgz 0ms (cache hit)
1183 http cache baseline-browser-mapping@https://registry.npmjs.org/baseline-browser-mapping/-/baseline-browser-mapping-2.10.0.tgz 0ms (cache hit)
1184 http cache electron-to-chromium@https://registry.npmjs.org/electron-to-chromium/-/electron-to-chromium-1.5.302.tgz 0ms (cache hit)
1185 http cache update-browserslist-db@https://registry.npmjs.org/update-browserslist-db/-/update-browserslist-db-1.2.3.tgz 0ms (cache hit)
1186 http cache form-data@https://registry.npmjs.org/form-data/-/form-data-4.0.5.tgz 0ms (cache hit)
1187 http cache proxy-from-env@https://registry.npmjs.org/proxy-from-env/-/proxy-from-env-1.1.0.tgz 0ms (cache hit)
1188 http cache follow-redirects@https://registry.npmjs.org/follow-redirects/-/follow-redirects-1.15.11.tgz 0ms (cache hit)
1189 http cache postcss-value-parser@https://registry.npmjs.org/postcss-value-parser/-/postcss-value-parser-4.2.0.tgz 0ms (cache hit)
1190 http cache fraction.js@https://registry.npmjs.org/fraction.js/-/fraction.js-5.3.4.tgz 0ms (cache hit)
1191 http cache picocolors@https://registry.npmjs.org/picocolors/-/picocolors-1.1.1.tgz 0ms (cache hit)
1192 http cache caniuse-lite@https://registry.npmjs.org/caniuse-lite/-/caniuse-lite-1.0.30001774.tgz 0ms (cache hit)
1193 http cache node-releases@https://registry.npmjs.org/node-releases/-/node-releases-2.0.27.tgz 0ms (cache hit)
1194 http cache undici-types@https://registry.npmjs.org/undici-types/-/undici-types-6.21.0.tgz 0ms (cache hit)
1195 http cache csstype@https://registry.npmjs.org/csstype/-/csstype-3.2.3.tgz 0ms (cache hit)
1196 http cache browserslist@https://registry.npmjs.org/browserslist/-/browserslist-4.28.1.tgz 0ms (cache hit)
1197 http cache @types/prop-types@https://registry.npmjs.org/@types/prop-types/-/prop-types-15.7.15.tgz 0ms (cache hit)
1198 http cache tailwindcss@https://registry.npmjs.org/tailwindcss/-/tailwindcss-3.4.19.tgz 0ms (cache hit)
1199 http cache typescript@https://registry.npmjs.org/typescript/-/typescript-5.9.3.tgz 0ms (cache hit)
1200 http cache @tanstack/query-core@https://registry.npmjs.org/@tanstack/query-core/-/query-core-5.90.20.tgz 0ms (cache hit)
1201 http cache swr@https://registry.npmjs.org/swr/-/swr-2.4.0.tgz 0ms (cache hit)
1202 http cache recharts@https://registry.npmjs.org/recharts/-/recharts-2.15.4.tgz 0ms (cache hit)
1203 http cache next@https://registry.npmjs.org/next/-/next-14.1.0.tgz 0ms (cache hit)
1204 http cache lucide-react@https://registry.npmjs.org/lucide-react/-/lucide-react-0.312.0.tgz 0ms (cache hit)
1205 http cache framer-motion@https://registry.npmjs.org/framer-motion/-/framer-motion-11.18.2.tgz 0ms (cache hit)
1206 http cache react-dom@https://registry.npmjs.org/react-dom/-/react-dom-18.2.0.tgz 0ms (cache hit)
1207 http cache date-fns@https://registry.npmjs.org/date-fns/-/date-fns-3.6.0.tgz 0ms (cache hit)
1208 http cache clsx@https://registry.npmjs.org/clsx/-/clsx-2.1.1.tgz 0ms (cache hit)
1209 http cache axios@https://registry.npmjs.org/axios/-/axios-1.13.5.tgz 0ms (cache hit)
1210 http cache postcss@https://registry.npmjs.org/postcss/-/postcss-8.5.6.tgz 0ms (cache hit)
1211 http cache tailwind-merge@https://registry.npmjs.org/tailwind-merge/-/tailwind-merge-2.6.1.tgz 0ms (cache hit)
1212 http cache @types/react@https://registry.npmjs.org/@types/react/-/react-18.3.28.tgz 0ms (cache hit)
1213 http cache autoprefixer@https://registry.npmjs.org/autoprefixer/-/autoprefixer-10.4.27.tgz 0ms (cache hit)
1214 http cache @types/node@https://registry.npmjs.org/@types/node/-/node-20.19.34.tgz 0ms (cache hit)
1215 http cache react@https://registry.npmjs.org/react/-/react-18.2.0.tgz 0ms (cache hit)
1216 http cache @tanstack/react-query@https://registry.npmjs.org/@tanstack/react-query/-/react-query-5.90.21.tgz 0ms (cache hit)
1217 http cache fdir@https://registry.npmjs.org/fdir/-/fdir-6.5.0.tgz 0ms (cache hit)
1218 http cache picomatch@https://registry.npmjs.org/picomatch/-/picomatch-4.0.3.tgz 0ms (cache hit)
1219 http cache glob-parent@https://registry.npmjs.org/glob-parent/-/glob-parent-5.1.2.tgz 0ms (cache hit)
1220 http cache @types/react-dom@https://registry.npmjs.org/@types/react-dom/-/react-dom-18.3.7.tgz 0ms (cache hit)
1221 http cache react-is@https://registry.npmjs.org/react-is/-/react-is-16.13.1.tgz 0ms (cache hit)
1222 http cache glob-parent@https://registry.npmjs.org/glob-parent/-/glob-parent-5.1.2.tgz 0ms (cache hit)
1223 http cache postcss@https://registry.npmjs.org/postcss/-/postcss-8.4.31.tgz 0ms (cache hit)
1224 silly tarball no local data for d3-time-format@https://registry.npmjs.org/d3-time-format/-/d3-time-format-4.1.0.tgz. Extracting by manifest.
1225 silly tarball no local data for d3-path@https://registry.npmjs.org/d3-path/-/d3-path-3.1.0.tgz. Extracting by manifest.
1226 silly tarball no local data for d3-color@https://registry.npmjs.org/d3-color/-/d3-color-3.1.0.tgz. Extracting by manifest.
1227 silly tarball no local data for d3-format@https://registry.npmjs.org/d3-format/-/d3-format-3.1.2.tgz. Extracting by manifest.
1228 silly tarball no local data for internmap@https://registry.npmjs.org/internmap/-/internmap-2.0.3.tgz. Extracting by manifest.
1229 silly tarball no local data for @types/d3-path@https://registry.npmjs.org/@types/d3-path/-/d3-path-3.1.1.tgz. Extracting by manifest.
1230 silly tarball no local data for @types/d3-color@https://registry.npmjs.org/@types/d3-color/-/d3-color-3.1.3.tgz. Extracting by manifest.
1231 silly tarball no local data for d3-timer@https://registry.npmjs.org/d3-timer/-/d3-timer-3.0.1.tgz. Extracting by manifest.
1232 silly tarball no local data for d3-time@https://registry.npmjs.org/d3-time/-/d3-time-3.1.0.tgz. Extracting by manifest.
1233 silly tarball no local data for d3-scale@https://registry.npmjs.org/d3-scale/-/d3-scale-4.0.2.tgz. Extracting by manifest.
1234 silly tarball no local data for d3-ease@https://registry.npmjs.org/d3-ease/-/d3-ease-3.0.1.tgz. Extracting by manifest.
1235 silly tarball no local data for d3-interpolate@https://registry.npmjs.org/d3-interpolate/-/d3-interpolate-3.0.1.tgz. Extracting by manifest.
1236 silly tarball no local data for @types/d3-timer@https://registry.npmjs.org/@types/d3-timer/-/d3-timer-3.0.2.tgz. Extracting by manifest.
1237 silly tarball no local data for @types/d3-time@https://registry.npmjs.org/@types/d3-time/-/d3-time-3.0.4.tgz. Extracting by manifest.
1238 silly tarball no local data for d3-array@https://registry.npmjs.org/d3-array/-/d3-array-3.2.4.tgz. Extracting by manifest.
1239 silly tarball no local data for @types/d3-shape@https://registry.npmjs.org/@types/d3-shape/-/d3-shape-3.1.8.tgz. Extracting by manifest.
1240 silly tarball no local data for @types/d3-scale@https://registry.npmjs.org/@types/d3-scale/-/d3-scale-4.0.9.tgz. Extracting by manifest.
1241 silly tarball no local data for @types/d3-interpolate@https://registry.npmjs.org/@types/d3-interpolate/-/d3-interpolate-3.0.4.tgz. Extracting by manifest.
1242 silly tarball no local data for d3-shape@https://registry.npmjs.org/d3-shape/-/d3-shape-3.2.0.tgz. Extracting by manifest.
1243 silly tarball no local data for escalade@https://registry.npmjs.org/escalade/-/escalade-3.2.0.tgz. Extracting by manifest.
1244 silly tarball no local data for is-number@https://registry.npmjs.org/is-number/-/is-number-7.0.0.tgz. Extracting by manifest.
1245 silly tarball no local data for @types/d3-ease@https://registry.npmjs.org/@types/d3-ease/-/d3-ease-3.0.2.tgz. Extracting by manifest.
1246 silly tarball no local data for any-promise@https://registry.npmjs.org/any-promise/-/any-promise-1.3.0.tgz. Extracting by manifest.
1247 silly tarball no local data for thenify@https://registry.npmjs.org/thenify/-/thenify-3.3.1.tgz. Extracting by manifest.
1248 silly tarball no local data for thenify-all@https://registry.npmjs.org/thenify-all/-/thenify-all-1.6.0.tgz. Extracting by manifest.
1249 silly tarball no local data for @types/d3-array@https://registry.npmjs.org/@types/d3-array/-/d3-array-3.2.2.tgz. Extracting by manifest.
1250 silly tarball no local data for @jridgewell/trace-mapping@https://registry.npmjs.org/@jridgewell/trace-mapping/-/trace-mapping-0.3.31.tgz. Extracting by manifest.
1251 silly tarball no local data for @jridgewell/resolve-uri@https://registry.npmjs.org/@jridgewell/resolve-uri/-/resolve-uri-3.1.2.tgz. Extracting by manifest.
1252 silly tarball no local data for ts-interface-checker@https://registry.npmjs.org/ts-interface-checker/-/ts-interface-checker-0.1.13.tgz. Extracting by manifest.
1253 silly tarball no local data for tinyglobby@https://registry.npmjs.org/tinyglobby/-/tinyglobby-0.2.15.tgz. Extracting by manifest.
1254 silly tarball no local data for pirates@https://registry.npmjs.org/pirates/-/pirates-4.0.7.tgz. Extracting by manifest.
1255 silly tarball no local data for mz@https://registry.npmjs.org/mz/-/mz-2.7.0.tgz. Extracting by manifest.
1256 silly tarball no local data for commander@https://registry.npmjs.org/commander/-/commander-4.1.1.tgz. Extracting by manifest.
1257 silly tarball no local data for @jridgewell/sourcemap-codec@https://registry.npmjs.org/@jridgewell/sourcemap-codec/-/sourcemap-codec-1.5.5.tgz. Extracting by manifest.
1258 silly tarball no local data for @jridgewell/gen-mapping@https://registry.npmjs.org/@jridgewell/gen-mapping/-/gen-mapping-0.3.13.tgz. Extracting by manifest.
1259 silly tarball no local data for lines-and-columns@https://registry.npmjs.org/lines-and-columns/-/lines-and-columns-1.2.4.tgz. Extracting by manifest.
1260 silly tarball no local data for queue-microtask@https://registry.npmjs.org/queue-microtask/-/queue-microtask-1.2.3.tgz. Extracting by manifest.
1261 silly tarball no local data for is-core-module@https://registry.npmjs.org/is-core-module/-/is-core-module-2.16.1.tgz. Extracting by manifest.
1262 silly tarball no local data for path-parse@https://registry.npmjs.org/path-parse/-/path-parse-1.0.7.tgz. Extracting by manifest.
1263 silly tarball no local data for supports-preserve-symlinks-flag@https://registry.npmjs.org/supports-preserve-symlinks-flag/-/supports-preserve-symlinks-flag-1.0.0.tgz. Extracting by manifest.
1264 silly tarball no local data for camelcase-css@https://registry.npmjs.org/camelcase-css/-/camelcase-css-2.0.1.tgz. Extracting by manifest.
1265 silly tarball no local data for pify@https://registry.npmjs.org/pify/-/pify-2.3.0.tgz. Extracting by manifest.
1266 silly tarball no local data for cssesc@https://registry.npmjs.org/cssesc/-/cssesc-3.0.0.tgz. Extracting by manifest.
1267 silly tarball no local data for to-regex-range@https://registry.npmjs.org/to-regex-range/-/to-regex-range-5.0.1.tgz. Extracting by manifest.
1268 silly tarball no local data for read-cache@https://registry.npmjs.org/read-cache/-/read-cache-1.0.0.tgz. Extracting by manifest.
1269 silly tarball no local data for is-extglob@https://registry.npmjs.org/is-extglob/-/is-extglob-2.1.1.tgz. Extracting by manifest.
1270 silly tarball no local data for util-deprecate@https://registry.npmjs.org/util-deprecate/-/util-deprecate-1.0.2.tgz. Extracting by manifest.
1271 silly tarball no local data for reusify@https://registry.npmjs.org/reusify/-/reusify-1.1.0.tgz. Extracting by manifest.
1272 silly tarball no local data for binary-extensions@https://registry.npmjs.org/binary-extensions/-/binary-extensions-2.3.0.tgz. Extracting by manifest.
1273 silly tarball no local data for run-parallel@https://registry.npmjs.org/run-parallel/-/run-parallel-1.2.0.tgz. Extracting by manifest.
1274 silly tarball no local data for @nodelib/fs.scandir@https://registry.npmjs.org/@nodelib/fs.scandir/-/fs.scandir-2.1.5.tgz. Extracting by manifest.
1275 silly tarball no local data for @nodelib/fs.walk@https://registry.npmjs.org/@nodelib/fs.walk/-/fs.walk-1.2.8.tgz. Extracting by manifest.
1276 silly tarball no local data for merge2@https://registry.npmjs.org/merge2/-/merge2-1.4.1.tgz. Extracting by manifest.
1277 silly tarball no local data for fastq@https://registry.npmjs.org/fastq/-/fastq-1.20.1.tgz. Extracting by manifest.
1278 silly tarball no local data for @nodelib/fs.stat@https://registry.npmjs.org/@nodelib/fs.stat/-/fs.stat-2.0.5.tgz. Extracting by manifest.
1279 silly tarball no local data for fill-range@https://registry.npmjs.org/fill-range/-/fill-range-7.1.1.tgz. Extracting by manifest.
1280 silly tarball no local data for is-binary-path@https://registry.npmjs.org/is-binary-path/-/is-binary-path-2.1.0.tgz. Extracting by manifest.
1281 silly tarball no local data for readdirp@https://registry.npmjs.org/readdirp/-/readdirp-3.6.0.tgz. Extracting by manifest.
1282 silly tarball no local data for fsevents@https://registry.npmjs.org/fsevents/-/fsevents-2.3.3.tgz. Extracting by manifest.
1283 silly tarball no local data for braces@https://registry.npmjs.org/braces/-/braces-3.0.3.tgz. Extracting by manifest.
1284 silly tarball no local data for anymatch@https://registry.npmjs.org/anymatch/-/anymatch-3.1.3.tgz. Extracting by manifest.
1285 silly tarball no local data for resolve@https://registry.npmjs.org/resolve/-/resolve-1.22.11.tgz. Extracting by manifest.
1286 silly tarball no local data for sucrase@https://registry.npmjs.org/sucrase/-/sucrase-3.35.1.tgz. Extracting by manifest.
1287 silly tarball no local data for postcss-selector-parser@https://registry.npmjs.org/postcss-selector-parser/-/postcss-selector-parser-6.1.2.tgz. Extracting by manifest.
1288 silly tarball no local data for postcss-nested@https://registry.npmjs.org/postcss-nested/-/postcss-nested-6.2.0.tgz. Extracting by manifest.
1289 silly tarball no local data for postcss-load-config@https://registry.npmjs.org/postcss-load-config/-/postcss-load-config-6.0.1.tgz. Extracting by manifest.
1290 silly tarball no local data for picomatch@https://registry.npmjs.org/picomatch/-/picomatch-2.3.1.tgz. Extracting by manifest.
1291 silly tarball no local data for object-hash@https://registry.npmjs.org/object-hash/-/object-hash-3.0.0.tgz. Extracting by manifest.
1292 silly tarball no local data for postcss-import@https://registry.npmjs.org/postcss-import/-/postcss-import-15.1.0.tgz. Extracting by manifest.
1293 silly tarball no local data for lilconfig@https://registry.npmjs.org/lilconfig/-/lilconfig-3.1.3.tgz. Extracting by manifest.
1294 silly tarball no local data for normalize-path@https://registry.npmjs.org/normalize-path/-/normalize-path-3.0.0.tgz. Extracting by manifest.
1295 silly tarball no local data for jiti@https://registry.npmjs.org/jiti/-/jiti-1.21.7.tgz. Extracting by manifest.
1296 silly tarball no local data for postcss-js@https://registry.npmjs.org/postcss-js/-/postcss-js-4.1.0.tgz. Extracting by manifest.
1297 silly tarball no local data for is-glob@https://registry.npmjs.org/is-glob/-/is-glob-4.0.3.tgz. Extracting by manifest.
1298 silly tarball no local data for glob-parent@https://registry.npmjs.org/glob-parent/-/glob-parent-6.0.2.tgz. Extracting by manifest.
1299 silly tarball no local data for fast-glob@https://registry.npmjs.org/fast-glob/-/fast-glob-3.3.3.tgz. Extracting by manifest.
1300 silly tarball no local data for dlv@https://registry.npmjs.org/dlv/-/dlv-1.1.3.tgz. Extracting by manifest.
1301 silly tarball no local data for didyoumean@https://registry.npmjs.org/didyoumean/-/didyoumean-1.2.2.tgz. Extracting by manifest.
1302 silly tarball no local data for micromatch@https://registry.npmjs.org/micromatch/-/micromatch-4.0.8.tgz. Extracting by manifest.
1303 silly tarball no local data for @alloc/quick-lru@https://registry.npmjs.org/@alloc/quick-lru/-/quick-lru-5.2.0.tgz. Extracting by manifest.
1304 silly tarball no local data for arg@https://registry.npmjs.org/arg/-/arg-5.0.2.tgz. Extracting by manifest.
1305 silly tarball no local data for client-only@https://registry.npmjs.org/client-only/-/client-only-0.0.1.tgz. Extracting by manifest.
1306 silly tarball no local data for use-sync-external-store@https://registry.npmjs.org/use-sync-external-store/-/use-sync-external-store-1.6.0.tgz. Extracting by manifest.
1307 silly tarball no local data for dequal@https://registry.npmjs.org/dequal/-/dequal-2.0.3.tgz. Extracting by manifest.
1308 silly tarball no local data for dom-helpers@https://registry.npmjs.org/dom-helpers/-/dom-helpers-5.2.1.tgz. Extracting by manifest.
1309 silly tarball no local data for @babel/runtime@https://registry.npmjs.org/@babel/runtime/-/runtime-7.28.6.tgz. Extracting by manifest.
1310 silly tarball no local data for decimal.js-light@https://registry.npmjs.org/decimal.js-light/-/decimal.js-light-2.5.1.tgz. Extracting by manifest.
1311 silly tarball no local data for object-assign@https://registry.npmjs.org/object-assign/-/object-assign-4.1.1.tgz. Extracting by manifest.
1312 silly tarball no local data for prop-types@https://registry.npmjs.org/prop-types/-/prop-types-15.8.1.tgz. Extracting by manifest.
1313 silly tarball no local data for react-transition-group@https://registry.npmjs.org/react-transition-group/-/react-transition-group-4.4.5.tgz. Extracting by manifest.
1314 silly tarball no local data for fast-equals@https://registry.npmjs.org/fast-equals/-/fast-equals-5.4.0.tgz. Extracting by manifest.
1315 silly tarball no local data for victory-vendor@https://registry.npmjs.org/victory-vendor/-/victory-vendor-36.9.2.tgz. Extracting by manifest.
1316 silly tarball no local data for recharts-scale@https://registry.npmjs.org/recharts-scale/-/recharts-scale-0.4.5.tgz. Extracting by manifest.
1317 silly tarball no local data for chokidar@https://registry.npmjs.org/chokidar/-/chokidar-3.6.0.tgz. Extracting by manifest.
1318 silly tarball no local data for react-is@https://registry.npmjs.org/react-is/-/react-is-18.3.1.tgz. Extracting by manifest.
1319 silly tarball no local data for lodash@https://registry.npmjs.org/lodash/-/lodash-4.17.23.tgz. Extracting by manifest.
1320 silly tarball no local data for eventemitter3@https://registry.npmjs.org/eventemitter3/-/eventemitter3-4.0.7.tgz. Extracting by manifest.
1321 silly tarball no local data for js-tokens@https://registry.npmjs.org/js-tokens/-/js-tokens-4.0.0.tgz. Extracting by manifest.
1322 silly tarball no local data for source-map-js@https://registry.npmjs.org/source-map-js/-/source-map-js-1.2.1.tgz. Extracting by manifest.
1323 silly tarball no local data for loose-envify@https://registry.npmjs.org/loose-envify/-/loose-envify-1.4.0.tgz. Extracting by manifest.
1324 silly tarball no local data for styled-jsx@https://registry.npmjs.org/styled-jsx/-/styled-jsx-5.1.1.tgz. Extracting by manifest.
1325 silly tarball no local data for nanoid@https://registry.npmjs.org/nanoid/-/nanoid-3.3.11.tgz. Extracting by manifest.
1326 silly tarball no local data for react-smooth@https://registry.npmjs.org/react-smooth/-/react-smooth-4.0.4.tgz. Extracting by manifest.
1327 silly tarball no local data for scheduler@https://registry.npmjs.org/scheduler/-/scheduler-0.23.2.tgz. Extracting by manifest.
1328 silly tarball no local data for tiny-invariant@https://registry.npmjs.org/tiny-invariant/-/tiny-invariant-1.3.3.tgz. Extracting by manifest.
1329 silly tarball no local data for graceful-fs@https://registry.npmjs.org/graceful-fs/-/graceful-fs-4.2.11.tgz. Extracting by manifest.
1330 silly tarball no local data for streamsearch@https://registry.npmjs.org/streamsearch/-/streamsearch-1.1.0.tgz. Extracting by manifest.
1331 silly tarball no local data for @swc/helpers@https://registry.npmjs.org/@swc/helpers/-/helpers-0.5.2.tgz. Extracting by manifest.
1332 silly tarball no local data for @next/swc-darwin-arm64@https://registry.npmjs.org/@next/swc-darwin-arm64/-/swc-darwin-arm64-14.1.0.tgz. Extracting by manifest.
1333 silly tarball no local data for mime-db@https://registry.npmjs.org/mime-db/-/mime-db-1.52.0.tgz. Extracting by manifest.
1334 silly tarball no local data for dunder-proto@https://registry.npmjs.org/dunder-proto/-/dunder-proto-1.0.1.tgz. Extracting by manifest.
1335 silly tarball no local data for math-intrinsics@https://registry.npmjs.org/math-intrinsics/-/math-intrinsics-1.1.0.tgz. Extracting by manifest.
1336 silly tarball no local data for has-symbols@https://registry.npmjs.org/has-symbols/-/has-symbols-1.1.0.tgz. Extracting by manifest.
1337 silly tarball no local data for gopd@https://registry.npmjs.org/gopd/-/gopd-1.2.0.tgz. Extracting by manifest.
1338 silly tarball no local data for function-bind@https://registry.npmjs.org/function-bind/-/function-bind-1.1.2.tgz. Extracting by manifest.
1339 silly tarball no local data for get-proto@https://registry.npmjs.org/get-proto/-/get-proto-1.0.1.tgz. Extracting by manifest.
1340 silly tarball no local data for es-object-atoms@https://registry.npmjs.org/es-object-atoms/-/es-object-atoms-1.1.1.tgz. Extracting by manifest.
1341 silly tarball no local data for es-define-property@https://registry.npmjs.org/es-define-property/-/es-define-property-1.0.1.tgz. Extracting by manifest.
1342 silly tarball no local data for busboy@https://registry.npmjs.org/busboy/-/busboy-1.6.0.tgz. Extracting by manifest.
1343 silly tarball no local data for call-bind-apply-helpers@https://registry.npmjs.org/call-bind-apply-helpers/-/call-bind-apply-helpers-1.0.2.tgz. Extracting by manifest.
1344 silly tarball no local data for tslib@https://registry.npmjs.org/tslib/-/tslib-2.8.1.tgz. Extracting by manifest.
1345 silly tarball no local data for @next/env@https://registry.npmjs.org/@next/env/-/env-14.1.0.tgz. Extracting by manifest.
1346 silly tarball no local data for has-tostringtag@https://registry.npmjs.org/has-tostringtag/-/has-tostringtag-1.0.2.tgz. Extracting by manifest.
1347 silly tarball no local data for motion-dom@https://registry.npmjs.org/motion-dom/-/motion-dom-11.18.1.tgz. Extracting by manifest.
1348 silly tarball no local data for get-intrinsic@https://registry.npmjs.org/get-intrinsic/-/get-intrinsic-1.3.0.tgz. Extracting by manifest.
1349 silly tarball no local data for delayed-stream@https://registry.npmjs.org/delayed-stream/-/delayed-stream-1.0.0.tgz. Extracting by manifest.
1350 silly tarball no local data for es-errors@https://registry.npmjs.org/es-errors/-/es-errors-1.3.0.tgz. Extracting by manifest.
1351 silly tarball no local data for mime-types@https://registry.npmjs.org/mime-types/-/mime-types-2.1.35.tgz. Extracting by manifest.
1352 silly tarball no local data for es-set-tostringtag@https://registry.npmjs.org/es-set-tostringtag/-/es-set-tostringtag-2.1.0.tgz. Extracting by manifest.
1353 silly tarball no local data for combined-stream@https://registry.npmjs.org/combined-stream/-/combined-stream-1.0.8.tgz. Extracting by manifest.
1354 silly tarball no local data for motion-utils@https://registry.npmjs.org/motion-utils/-/motion-utils-11.18.1.tgz. Extracting by manifest.
1355 silly tarball no local data for asynckit@https://registry.npmjs.org/asynckit/-/asynckit-0.4.0.tgz. Extracting by manifest.
1356 silly tarball no local data for hasown@https://registry.npmjs.org/hasown/-/hasown-2.0.2.tgz. Extracting by manifest.
1357 silly tarball no local data for baseline-browser-mapping@https://registry.npmjs.org/baseline-browser-mapping/-/baseline-browser-mapping-2.10.0.tgz. Extracting by manifest.
1358 silly tarball no local data for electron-to-chromium@https://registry.npmjs.org/electron-to-chromium/-/electron-to-chromium-1.5.302.tgz. Extracting by manifest.
1359 silly tarball no local data for update-browserslist-db@https://registry.npmjs.org/update-browserslist-db/-/update-browserslist-db-1.2.3.tgz. Extracting by manifest.
1360 silly tarball no local data for form-data@https://registry.npmjs.org/form-data/-/form-data-4.0.5.tgz. Extracting by manifest.
1361 silly tarball no local data for proxy-from-env@https://registry.npmjs.org/proxy-from-env/-/proxy-from-env-1.1.0.tgz. Extracting by manifest.
1362 silly tarball no local data for follow-redirects@https://registry.npmjs.org/follow-redirects/-/follow-redirects-1.15.11.tgz. Extracting by manifest.
1363 silly tarball no local data for postcss-value-parser@https://registry.npmjs.org/postcss-value-parser/-/postcss-value-parser-4.2.0.tgz. Extracting by manifest.
1364 silly tarball no local data for fraction.js@https://registry.npmjs.org/fraction.js/-/fraction.js-5.3.4.tgz. Extracting by manifest.
1365 silly tarball no local data for picocolors@https://registry.npmjs.org/picocolors/-/picocolors-1.1.1.tgz. Extracting by manifest.
1366 silly tarball no local data for caniuse-lite@https://registry.npmjs.org/caniuse-lite/-/caniuse-lite-1.0.30001774.tgz. Extracting by manifest.
1367 silly tarball no local data for node-releases@https://registry.npmjs.org/node-releases/-/node-releases-2.0.27.tgz. Extracting by manifest.
1368 silly tarball no local data for undici-types@https://registry.npmjs.org/undici-types/-/undici-types-6.21.0.tgz. Extracting by manifest.
1369 silly tarball no local data for csstype@https://registry.npmjs.org/csstype/-/csstype-3.2.3.tgz. Extracting by manifest.
1370 silly tarball no local data for browserslist@https://registry.npmjs.org/browserslist/-/browserslist-4.28.1.tgz. Extracting by manifest.
1371 silly tarball no local data for @types/prop-types@https://registry.npmjs.org/@types/prop-types/-/prop-types-15.7.15.tgz. Extracting by manifest.
1372 silly tarball no local data for tailwindcss@https://registry.npmjs.org/tailwindcss/-/tailwindcss-3.4.19.tgz. Extracting by manifest.
1373 silly tarball no local data for typescript@https://registry.npmjs.org/typescript/-/typescript-5.9.3.tgz. Extracting by manifest.
1374 silly tarball no local data for @tanstack/query-core@https://registry.npmjs.org/@tanstack/query-core/-/query-core-5.90.20.tgz. Extracting by manifest.
1375 silly tarball no local data for swr@https://registry.npmjs.org/swr/-/swr-2.4.0.tgz. Extracting by manifest.
1376 silly tarball no local data for recharts@https://registry.npmjs.org/recharts/-/recharts-2.15.4.tgz. Extracting by manifest.
1377 silly tarball no local data for next@https://registry.npmjs.org/next/-/next-14.1.0.tgz. Extracting by manifest.
1378 silly tarball no local data for lucide-react@https://registry.npmjs.org/lucide-react/-/lucide-react-0.312.0.tgz. Extracting by manifest.
1379 silly tarball no local data for framer-motion@https://registry.npmjs.org/framer-motion/-/framer-motion-11.18.2.tgz. Extracting by manifest.
1380 silly tarball no local data for react-dom@https://registry.npmjs.org/react-dom/-/react-dom-18.2.0.tgz. Extracting by manifest.
1381 silly tarball no local data for date-fns@https://registry.npmjs.org/date-fns/-/date-fns-3.6.0.tgz. Extracting by manifest.
1382 silly tarball no local data for clsx@https://registry.npmjs.org/clsx/-/clsx-2.1.1.tgz. Extracting by manifest.
1383 silly tarball no local data for axios@https://registry.npmjs.org/axios/-/axios-1.13.5.tgz. Extracting by manifest.
1384 silly tarball no local data for postcss@https://registry.npmjs.org/postcss/-/postcss-8.5.6.tgz. Extracting by manifest.
1385 silly tarball no local data for tailwind-merge@https://registry.npmjs.org/tailwind-merge/-/tailwind-merge-2.6.1.tgz. Extracting by manifest.
1386 silly tarball no local data for @types/react@https://registry.npmjs.org/@types/react/-/react-18.3.28.tgz. Extracting by manifest.
1387 silly tarball no local data for autoprefixer@https://registry.npmjs.org/autoprefixer/-/autoprefixer-10.4.27.tgz. Extracting by manifest.
1388 silly tarball no local data for @types/node@https://registry.npmjs.org/@types/node/-/node-20.19.34.tgz. Extracting by manifest.
1389 silly tarball no local data for react@https://registry.npmjs.org/react/-/react-18.2.0.tgz. Extracting by manifest.
1390 silly tarball no local data for @tanstack/react-query@https://registry.npmjs.org/@tanstack/react-query/-/react-query-5.90.21.tgz. Extracting by manifest.
1391 silly tarball no local data for fdir@https://registry.npmjs.org/fdir/-/fdir-6.5.0.tgz. Extracting by manifest.
1392 silly tarball no local data for picomatch@https://registry.npmjs.org/picomatch/-/picomatch-4.0.3.tgz. Extracting by manifest.
1393 silly tarball no local data for glob-parent@https://registry.npmjs.org/glob-parent/-/glob-parent-5.1.2.tgz. Extracting by manifest.
1394 silly tarball no local data for @types/react-dom@https://registry.npmjs.org/@types/react-dom/-/react-dom-18.3.7.tgz. Extracting by manifest.
1395 silly tarball no local data for react-is@https://registry.npmjs.org/react-is/-/react-is-16.13.1.tgz. Extracting by manifest.
1396 silly tarball no local data for glob-parent@https://registry.npmjs.org/glob-parent/-/glob-parent-5.1.2.tgz. Extracting by manifest.
1397 silly tarball no local data for postcss@https://registry.npmjs.org/postcss/-/postcss-8.4.31.tgz. Extracting by manifest.
1398 http fetch POST 200 https://registry.npmjs.org/-/npm/v1/security/advisories/bulk 421ms
1399 silly audit report {
1399 silly audit report   next: [
1399 silly audit report     {
1399 silly audit report       id: 1099638,
1399 silly audit report       url: 'https://github.com/advisories/GHSA-gp8f-8m3g-qvj9',
1399 silly audit report       title: 'Next.js Cache Poisoning',
1399 silly audit report       severity: 'high',
1399 silly audit report       vulnerable_versions: '>=14.0.0 <14.2.10',
1399 silly audit report       cwe: [Array],
1399 silly audit report       cvss: [Object]
1399 silly audit report     },
1399 silly audit report     {
1399 silly audit report       id: 1100421,
1399 silly audit report       url: 'https://github.com/advisories/GHSA-g77x-44xx-532m',
1399 silly audit report       title: 'Denial of Service condition in Next.js image optimization',
1399 silly audit report       severity: 'moderate',
1399 silly audit report       vulnerable_versions: '>=10.0.0 <14.2.7',
1399 silly audit report       cwe: [Array],
1399 silly audit report       cvss: [Object]
1399 silly audit report     },
1399 silly audit report     {
1399 silly audit report       id: 1101438,
1399 silly audit report       url: 'https://github.com/advisories/GHSA-7m27-7ghc-44w9',
1399 silly audit report       title: 'Next.js Allows a Denial of Service (DoS) with Server Actions',
1399 silly audit report       severity: 'moderate',
1399 silly audit report       vulnerable_versions: '>=14.0.0 <14.2.21',
1399 silly audit report       cwe: [Array],
1399 silly audit report       cvss: [Object]
1399 silly audit report     },
1399 silly audit report     {
1399 silly audit report       id: 1105461,
1399 silly audit report       url: 'https://github.com/advisories/GHSA-3h52-269p-cp9r',
1399 silly audit report       title: 'Information exposure in Next.js dev server due to lack of origin verification',
1399 silly audit report       severity: 'low',
1399 silly audit report       vulnerable_versions: '>=13.0 <14.2.30',
1399 silly audit report       cwe: [Array],
1399 silly audit report       cvss: [Object]
1399 silly audit report     },
1399 silly audit report     {
1399 silly audit report       id: 1111391,
1399 silly audit report       url: 'https://github.com/advisories/GHSA-mwv6-3258-q52c',
1399 silly audit report       title: 'Next Vulnerable to Denial of Service with Server Components',
1399 silly audit report       severity: 'high',
1399 silly audit report       vulnerable_versions: '>=13.3.0 <14.2.34',
1399 silly audit report       cwe: [Array],
1399 silly audit report       cvss: [Object]
1399 silly audit report     },
1399 silly audit report     {
1399 silly audit report       id: 1107226,
1399 silly audit report       url: 'https://github.com/advisories/GHSA-g5qg-72qw-gw5v',
1399 silly audit report       title: 'Next.js Affected by Cache Key Confusion for Image Optimization API Routes',
1399 silly audit report       severity: 'moderate',
1399 silly audit report       vulnerable_versions: '>=0.9.9 <14.2.31',
1399 silly audit report       cwe: [Array],
1399 silly audit report       cvss: [Object]
1399 silly audit report     },
1399 silly audit report     {
1399 silly audit report       id: 1107420,
1399 silly audit report       url: 'https://github.com/advisories/GHSA-7gfc-8cq8-jh5f',
1399 silly audit report       title: 'Next.js authorization bypass vulnerability',
1399 silly audit report       severity: 'high',
1399 silly audit report       vulnerable_versions: '>=9.5.5 <14.2.15',
1399 silly audit report       cwe: [Array],
1399 silly audit report       cvss: [Object]
1399 silly audit report     },
1399 silly audit report     {
1399 silly audit report       id: 1107512,
1399 silly audit report       url: 'https://github.com/advisories/GHSA-4342-x723-ch2f',
1399 silly audit report       title: 'Next.js Improper Middleware Redirect Handling Leads to SSRF',
1399 silly audit report       severity: 'moderate',
1399 silly audit report       vulnerable_versions: '>=0.9.9 <14.2.32',
1399 silly audit report       cwe: [Array],
1399 silly audit report       cvss: [Object]
1399 silly audit report     },
1399 silly audit report     {
1399 silly audit report       id: 1107513,
1399 silly audit report       url: 'https://github.com/advisories/GHSA-xv57-4mr9-wg8v',
1399 silly audit report       title: 'Next.js Content Injection Vulnerability for Image Optimization',
1399 silly audit report       severity: 'moderate',
1399 silly audit report       vulnerable_versions: '>=0.9.9 <14.2.31',
1399 silly audit report       cwe: [Array],
1399 silly audit report       cvss: [Object]
1399 silly audit report     },
1399 silly audit report     {
1399 silly audit report       id: 1112182,
1399 silly audit report       url: 'https://github.com/advisories/GHSA-5j59-xgg2-r9c4',
1399 silly audit report       title: 'Next has a Denial of Service with Server Components - Incomplete Fix Follow-Up',
1399 silly audit report       severity: 'high',
1399 silly audit report       vulnerable_versions: '>=13.3.1-canary.0 <14.2.35',
1399 silly audit report       cwe: [Array],
1399 silly audit report       cvss: [Object]
1399 silly audit report     },
1399 silly audit report     {
1399 silly audit report       id: 1108291,
1399 silly audit report       url: 'https://github.com/advisories/GHSA-qpjv-v59x-3qc4',
1399 silly audit report       title: 'Next.js Race Condition to Cache Poisoning',
1399 silly audit report       severity: 'low',
1399 silly audit report       vulnerable_versions: '>=0.9.9 <14.2.24',
1399 silly audit report       cwe: [Array],
1399 silly audit report       cvss: [Object]
1399 silly audit report     },
1399 silly audit report     {
1399 silly audit report       id: 1108953,
1399 silly audit report       url: 'https://github.com/advisories/GHSA-f82v-jwr5-mffw',
1399 silly audit report       title: 'Authorization Bypass in Next.js Middleware',
1399 silly audit report       severity: 'critical',
1399 silly audit report       vulnerable_versions: '>=14.0.0 <14.2.25',
1399 silly audit report       cwe: [Array],
1399 silly audit report       cvss: [Object]
1399 silly audit report     },
1399 silly audit report     {
1399 silly audit report       id: 1112593,
1399 silly audit report       url: 'https://github.com/advisories/GHSA-9g9p-9gw9-jx7f',
1399 silly audit report       title: 'Next.js self-hosted applications vulnerable to DoS via Image Optimizer remotePatterns configuration',
1399 silly audit report       severity: 'moderate',
1399 silly audit report       vulnerable_versions: '>=10.0.0 <15.5.10',
1399 silly audit report       cwe: [Array],
1399 silly audit report       cvss: [Object]
1399 silly audit report     },
1399 silly audit report     {
1399 silly audit report       id: 1112653,
1399 silly audit report       url: 'https://github.com/advisories/GHSA-h25m-26qc-wcjf',
1399 silly audit report       title: 'Next.js HTTP request deserialization can lead to DoS when using insecure React Server Components',
1399 silly audit report       severity: 'high',
1399 silly audit report       vulnerable_versions: '>=13.0.0 <15.0.8',
1399 silly audit report       cwe: [Array],
1399 silly audit report       cvss: [Object]
1399 silly audit report     },
1399 silly audit report     {
1399 silly audit report       id: 1097295,
1399 silly audit report       url: 'https://github.com/advisories/GHSA-fr5h-rqp8-mj6g',
1399 silly audit report       title: 'Next.js Server-Side Request Forgery in Server Actions',
1399 silly audit report       severity: 'high',
1399 silly audit report       vulnerable_versions: '>=13.4.0 <14.1.1',
1399 silly audit report       cwe: [Array],
1399 silly audit report       cvss: [Object]
1399 silly audit report     }
1399 silly audit report   ]
1399 silly audit report }
1400 silly packumentCache corgi:https://registry.npmjs.org/next cache-miss
1401 http fetch GET 200 https://registry.npmjs.org/internmap/-/internmap-2.0.3.tgz 387ms (cache miss)
1402 http fetch GET 200 https://registry.npmjs.org/d3-format/-/d3-format-3.1.2.tgz 388ms (cache miss)
1403 http fetch GET 200 https://registry.npmjs.org/d3-path/-/d3-path-3.1.0.tgz 388ms (cache miss)
1404 http fetch GET 200 https://registry.npmjs.org/@types/d3-path/-/d3-path-3.1.1.tgz 389ms (cache miss)
1405 http fetch GET 200 https://registry.npmjs.org/d3-color/-/d3-color-3.1.0.tgz 401ms (cache miss)
1406 http fetch GET 200 https://registry.npmjs.org/escalade/-/escalade-3.2.0.tgz 417ms (cache miss)
1407 http fetch GET 200 https://registry.npmjs.org/is-number/-/is-number-7.0.0.tgz 417ms (cache miss)
1408 http fetch GET 200 https://registry.npmjs.org/thenify/-/thenify-3.3.1.tgz 427ms (cache miss)
1409 http fetch GET 200 https://registry.npmjs.org/any-promise/-/any-promise-1.3.0.tgz 454ms (cache miss)
1410 http fetch GET 200 https://registry.npmjs.org/thenify-all/-/thenify-all-1.6.0.tgz 455ms (cache miss)
1411 http fetch GET 200 https://registry.npmjs.org/d3-time-format/-/d3-time-format-4.1.0.tgz 467ms (cache miss)
1412 http fetch GET 200 https://registry.npmjs.org/d3-timer/-/d3-timer-3.0.1.tgz 531ms (cache miss)
1413 http fetch GET 200 https://registry.npmjs.org/tinyglobby/-/tinyglobby-0.2.15.tgz 678ms (cache miss)
1414 http fetch GET 200 https://registry.npmjs.org/camelcase-css/-/camelcase-css-2.0.1.tgz 783ms (cache miss)
1415 http fetch GET 200 https://registry.npmjs.org/path-parse/-/path-parse-1.0.7.tgz 794ms (cache miss)
1416 http fetch GET 200 https://registry.npmjs.org/lines-and-columns/-/lines-and-columns-1.2.4.tgz 795ms (cache miss)
1417 http fetch GET 200 https://registry.npmjs.org/pirates/-/pirates-4.0.7.tgz 797ms (cache miss)
1418 http fetch GET 200 https://registry.npmjs.org/mz/-/mz-2.7.0.tgz 798ms (cache miss)
1419 http fetch GET 200 https://registry.npmjs.org/supports-preserve-symlinks-flag/-/supports-preserve-symlinks-flag-1.0.0.tgz 798ms (cache miss)
1420 http fetch GET 200 https://registry.npmjs.org/pify/-/pify-2.3.0.tgz 801ms (cache miss)
1421 http fetch GET 200 https://registry.npmjs.org/queue-microtask/-/queue-microtask-1.2.3.tgz 804ms (cache miss)
1422 http fetch GET 200 https://registry.npmjs.org/cssesc/-/cssesc-3.0.0.tgz 812ms (cache miss)
1423 http fetch GET 200 https://registry.npmjs.org/@types/d3-interpolate/-/d3-interpolate-3.0.4.tgz 819ms (cache miss)
1424 http fetch GET 200 https://registry.npmjs.org/read-cache/-/read-cache-1.0.0.tgz 814ms (cache miss)
1425 http fetch GET 200 https://registry.npmjs.org/is-extglob/-/is-extglob-2.1.1.tgz 816ms (cache miss)
1426 http fetch GET 200 https://registry.npmjs.org/@types/d3-shape/-/d3-shape-3.1.8.tgz 822ms (cache miss)
1427 http fetch GET 200 https://registry.npmjs.org/util-deprecate/-/util-deprecate-1.0.2.tgz 816ms (cache miss)
1428 http fetch GET 200 https://registry.npmjs.org/binary-extensions/-/binary-extensions-2.3.0.tgz 818ms (cache miss)
1429 http fetch GET 200 https://registry.npmjs.org/@types/d3-color/-/d3-color-3.1.3.tgz 830ms (cache miss)
1430 http fetch GET 200 https://registry.npmjs.org/@types/d3-ease/-/d3-ease-3.0.2.tgz 825ms (cache miss)
1431 http fetch GET 200 https://registry.npmjs.org/@types/d3-timer/-/d3-timer-3.0.2.tgz 830ms (cache miss)
1432 http fetch GET 200 https://registry.npmjs.org/fill-range/-/fill-range-7.1.1.tgz 822ms (cache miss)
1433 http fetch GET 200 https://registry.npmjs.org/to-regex-range/-/to-regex-range-5.0.1.tgz 826ms (cache miss)
1434 http fetch GET 200 https://registry.npmjs.org/@types/d3-time/-/d3-time-3.0.4.tgz 832ms (cache miss)
1435 http fetch GET 200 https://registry.npmjs.org/@types/d3-array/-/d3-array-3.2.2.tgz 829ms (cache miss)
1436 http fetch GET 200 https://registry.npmjs.org/@nodelib/fs.scandir/-/fs.scandir-2.1.5.tgz 826ms (cache miss)
1437 http fetch GET 200 https://registry.npmjs.org/normalize-path/-/normalize-path-3.0.0.tgz 822ms (cache miss)
1438 http fetch GET 200 https://registry.npmjs.org/@nodelib/fs.stat/-/fs.stat-2.0.5.tgz 825ms (cache miss)
1439 http fetch GET 200 https://registry.npmjs.org/run-parallel/-/run-parallel-1.2.0.tgz 827ms (cache miss)
1440 http fetch GET 200 https://registry.npmjs.org/is-binary-path/-/is-binary-path-2.1.0.tgz 827ms (cache miss)
1441 http fetch GET 200 https://registry.npmjs.org/didyoumean/-/didyoumean-1.2.2.tgz 823ms (cache miss)
1442 http fetch GET 200 https://registry.npmjs.org/postcss-import/-/postcss-import-15.1.0.tgz 825ms (cache miss)
1443 http fetch GET 200 https://registry.npmjs.org/anymatch/-/anymatch-3.1.3.tgz 827ms (cache miss)
1444 http fetch GET 200 https://registry.npmjs.org/is-core-module/-/is-core-module-2.16.1.tgz 832ms (cache miss)
1445 http fetch GET 200 https://registry.npmjs.org/@jridgewell/resolve-uri/-/resolve-uri-3.1.2.tgz 835ms (cache miss)
1446 http fetch GET 200 https://registry.npmjs.org/merge2/-/merge2-1.4.1.tgz 830ms (cache miss)
1447 http fetch GET 200 https://registry.npmjs.org/postcss-nested/-/postcss-nested-6.2.0.tgz 829ms (cache miss)
1448 http fetch GET 200 https://registry.npmjs.org/reusify/-/reusify-1.1.0.tgz 831ms (cache miss)
1449 http fetch GET 200 https://registry.npmjs.org/fsevents/-/fsevents-2.3.3.tgz 830ms (cache miss)
1450 http fetch GET 200 https://registry.npmjs.org/glob-parent/-/glob-parent-6.0.2.tgz 827ms (cache miss)
1451 http fetch GET 200 https://registry.npmjs.org/client-only/-/client-only-0.0.1.tgz 826ms (cache miss)
1452 http fetch GET 200 https://registry.npmjs.org/arg/-/arg-5.0.2.tgz 827ms (cache miss)
1453 http fetch GET 200 https://registry.npmjs.org/readdirp/-/readdirp-3.6.0.tgz 832ms (cache miss)
1454 http fetch GET 200 https://registry.npmjs.org/postcss-js/-/postcss-js-4.1.0.tgz 830ms (cache miss)
1455 http fetch GET 200 https://registry.npmjs.org/is-glob/-/is-glob-4.0.3.tgz 829ms (cache miss)
1456 http fetch GET 200 https://registry.npmjs.org/ts-interface-checker/-/ts-interface-checker-0.1.13.tgz 838ms (cache miss)
1457 http fetch GET 200 https://registry.npmjs.org/dlv/-/dlv-1.1.3.tgz 832ms (cache miss)
1458 http fetch GET 200 https://registry.npmjs.org/d3-time/-/d3-time-3.1.0.tgz 845ms (cache miss)
1459 http fetch GET 200 https://registry.npmjs.org/lilconfig/-/lilconfig-3.1.3.tgz 833ms (cache miss)
1460 http fetch GET 200 https://registry.npmjs.org/postcss-load-config/-/postcss-load-config-6.0.1.tgz 837ms (cache miss)
1461 http fetch GET 200 https://registry.npmjs.org/commander/-/commander-4.1.1.tgz 844ms (cache miss)
1462 http fetch GET 200 https://registry.npmjs.org/d3-ease/-/d3-ease-3.0.1.tgz 850ms (cache miss)
1463 http fetch GET 200 https://registry.npmjs.org/micromatch/-/micromatch-4.0.8.tgz 845ms (cache miss)
1464 http fetch GET 200 https://registry.npmjs.org/object-hash/-/object-hash-3.0.0.tgz 850ms (cache miss)
1465 http fetch GET 200 https://registry.npmjs.org/fastq/-/fastq-1.20.1.tgz 855ms (cache miss)
1466 http fetch GET 200 https://registry.npmjs.org/braces/-/braces-3.0.3.tgz 866ms (cache miss)
1467 http fetch GET 200 https://registry.npmjs.org/picomatch/-/picomatch-2.3.1.tgz 867ms (cache miss)
1468 http fetch GET 200 https://registry.npmjs.org/@jridgewell/sourcemap-codec/-/sourcemap-codec-1.5.5.tgz 885ms (cache miss)
1469 http fetch GET 200 https://registry.npmjs.org/d3-scale/-/d3-scale-4.0.2.tgz 899ms (cache miss)
1470 http fetch GET 200 https://registry.npmjs.org/d3-interpolate/-/d3-interpolate-3.0.1.tgz 900ms (cache miss)
1471 http fetch GET 200 https://registry.npmjs.org/object-assign/-/object-assign-4.1.1.tgz 905ms (cache miss)
1472 http fetch GET 200 https://registry.npmjs.org/dequal/-/dequal-2.0.3.tgz 921ms (cache miss)
1473 http fetch GET 200 https://registry.npmjs.org/prop-types/-/prop-types-15.8.1.tgz 927ms (cache miss)
1474 http fetch GET 200 https://registry.npmjs.org/d3-array/-/d3-array-3.2.4.tgz 964ms (cache miss)
1475 http fetch GET 200 https://registry.npmjs.org/eventemitter3/-/eventemitter3-4.0.7.tgz 948ms (cache miss)
1476 http fetch GET 200 https://registry.npmjs.org/@jridgewell/gen-mapping/-/gen-mapping-0.3.13.tgz 973ms (cache miss)
1477 http fetch GET 200 https://registry.npmjs.org/use-sync-external-store/-/use-sync-external-store-1.6.0.tgz 974ms (cache miss)
1478 http fetch GET 200 https://registry.npmjs.org/react-is/-/react-is-18.3.1.tgz 986ms (cache miss)
1479 http fetch GET 200 https://registry.npmjs.org/js-tokens/-/js-tokens-4.0.0.tgz 985ms (cache miss)
1480 http fetch GET 200 https://registry.npmjs.org/decimal.js-light/-/decimal.js-light-2.5.1.tgz 996ms (cache miss)
1481 http fetch GET 200 https://registry.npmjs.org/graceful-fs/-/graceful-fs-4.2.11.tgz 992ms (cache miss)
1482 http fetch GET 200 https://registry.npmjs.org/@types/d3-scale/-/d3-scale-4.0.9.tgz 1027ms (cache miss)
1483 http fetch GET 200 https://registry.npmjs.org/loose-envify/-/loose-envify-1.4.0.tgz 1010ms (cache miss)
1484 http fetch GET 200 https://registry.npmjs.org/gopd/-/gopd-1.2.0.tgz 1063ms (cache miss)
1485 http fetch GET 200 https://registry.npmjs.org/streamsearch/-/streamsearch-1.1.0.tgz 1065ms (cache miss)
1486 http fetch GET 200 https://registry.npmjs.org/function-bind/-/function-bind-1.1.2.tgz 1069ms (cache miss)
1487 http fetch GET 200 https://registry.npmjs.org/dunder-proto/-/dunder-proto-1.0.1.tgz 1069ms (cache miss)
1488 http fetch GET 200 https://registry.npmjs.org/math-intrinsics/-/math-intrinsics-1.1.0.tgz 1075ms (cache miss)
1489 http fetch GET 200 https://registry.npmjs.org/chokidar/-/chokidar-3.6.0.tgz 1103ms (cache miss)
1490 http fetch GET 200 https://registry.npmjs.org/get-proto/-/get-proto-1.0.1.tgz 1109ms (cache miss)
1491 http fetch GET 200 https://registry.npmjs.org/es-define-property/-/es-define-property-1.0.1.tgz 1108ms (cache miss)
1492 http fetch GET 200 https://registry.npmjs.org/delayed-stream/-/delayed-stream-1.0.0.tgz 1108ms (cache miss)
1493 http fetch GET 200 https://registry.npmjs.org/mime-db/-/mime-db-1.52.0.tgz 1110ms (cache miss)
1494 http fetch GET 200 https://registry.npmjs.org/call-bind-apply-helpers/-/call-bind-apply-helpers-1.0.2.tgz 1110ms (cache miss)
1495 http fetch GET 200 https://registry.npmjs.org/@jridgewell/trace-mapping/-/trace-mapping-0.3.31.tgz 1133ms (cache miss)
1496 http fetch GET 200 https://registry.npmjs.org/es-errors/-/es-errors-1.3.0.tgz 1119ms (cache miss)
1497 http fetch GET 200 https://registry.npmjs.org/mime-types/-/mime-types-2.1.35.tgz 1127ms (cache miss)
1498 http fetch GET 200 https://registry.npmjs.org/es-object-atoms/-/es-object-atoms-1.1.1.tgz 1129ms (cache miss)
1499 http fetch GET 200 https://registry.npmjs.org/tiny-invariant/-/tiny-invariant-1.3.3.tgz 1134ms (cache miss)
1500 http fetch GET 200 https://registry.npmjs.org/get-intrinsic/-/get-intrinsic-1.3.0.tgz 1132ms (cache miss)
1501 http fetch GET 200 https://registry.npmjs.org/motion-utils/-/motion-utils-11.18.1.tgz 1131ms (cache miss)
1502 http fetch GET 200 https://registry.npmjs.org/source-map-js/-/source-map-js-1.2.1.tgz 1139ms (cache miss)
1503 http fetch GET 200 https://registry.npmjs.org/es-set-tostringtag/-/es-set-tostringtag-2.1.0.tgz 1141ms (cache miss)
1504 http fetch GET 200 https://registry.npmjs.org/hasown/-/hasown-2.0.2.tgz 1141ms (cache miss)
1505 http fetch GET 200 https://registry.npmjs.org/combined-stream/-/combined-stream-1.0.8.tgz 1170ms (cache miss)
1506 http fetch GET 200 https://registry.npmjs.org/proxy-from-env/-/proxy-from-env-1.1.0.tgz 1178ms (cache miss)
1507 http fetch GET 200 https://registry.npmjs.org/postcss-value-parser/-/postcss-value-parser-4.2.0.tgz 1178ms (cache miss)
1508 http fetch GET 200 https://registry.npmjs.org/update-browserslist-db/-/update-browserslist-db-1.2.3.tgz 1179ms (cache miss)
1509 http fetch GET 200 https://registry.npmjs.org/has-symbols/-/has-symbols-1.1.0.tgz 1185ms (cache miss)
1510 http fetch GET 200 https://registry.npmjs.org/picocolors/-/picocolors-1.1.1.tgz 1186ms (cache miss)
1511 http fetch GET 200 https://registry.npmjs.org/tslib/-/tslib-2.8.1.tgz 1194ms (cache miss)
1512 http fetch GET 200 https://registry.npmjs.org/follow-redirects/-/follow-redirects-1.15.11.tgz 1192ms (cache miss)
1513 http fetch GET 200 https://registry.npmjs.org/node-releases/-/node-releases-2.0.27.tgz 1192ms (cache miss)
1514 http fetch GET 200 https://registry.npmjs.org/has-tostringtag/-/has-tostringtag-1.0.2.tgz 1199ms (cache miss)
1515 http fetch GET 200 https://registry.npmjs.org/postcss-selector-parser/-/postcss-selector-parser-6.1.2.tgz 1216ms (cache miss)
1516 http fetch GET 200 https://registry.npmjs.org/scheduler/-/scheduler-0.23.2.tgz 1204ms (cache miss)
1517 http fetch GET 200 https://registry.npmjs.org/electron-to-chromium/-/electron-to-chromium-1.5.302.tgz 1215ms (cache miss)
1518 http fetch GET 200 https://registry.npmjs.org/nanoid/-/nanoid-3.3.11.tgz 1250ms (cache miss)
1519 http fetch GET 200 https://registry.npmjs.org/browserslist/-/browserslist-4.28.1.tgz 1266ms (cache miss)
1520 http fetch GET 200 https://registry.npmjs.org/form-data/-/form-data-4.0.5.tgz 1292ms (cache miss)
1521 http fetch GET 200 https://registry.npmjs.org/asynckit/-/asynckit-0.4.0.tgz 1299ms (cache miss)
1522 http fetch GET 200 https://registry.npmjs.org/baseline-browser-mapping/-/baseline-browser-mapping-2.10.0.tgz 1299ms (cache miss)
1523 http fetch GET 200 https://registry.npmjs.org/recharts-scale/-/recharts-scale-0.4.5.tgz 1312ms (cache miss)
1524 http fetch GET 200 https://registry.npmjs.org/clsx/-/clsx-2.1.1.tgz 1281ms (cache miss)
1525 http fetch GET 200 https://registry.npmjs.org/d3-shape/-/d3-shape-3.2.0.tgz 1341ms (cache miss)
1526 http fetch GET 200 https://registry.npmjs.org/undici-types/-/undici-types-6.21.0.tgz 1325ms (cache miss)
1527 http fetch GET 200 https://registry.npmjs.org/styled-jsx/-/styled-jsx-5.1.1.tgz 1339ms (cache miss)
1528 http fetch GET 200 https://registry.npmjs.org/react-transition-group/-/react-transition-group-4.4.5.tgz 1352ms (cache miss)
1529 http fetch GET 200 https://registry.npmjs.org/busboy/-/busboy-1.6.0.tgz 1348ms (cache miss)
1530 http fetch GET 200 https://registry.npmjs.org/jiti/-/jiti-1.21.7.tgz 1366ms (cache miss)
1531 http fetch GET 200 https://registry.npmjs.org/fraction.js/-/fraction.js-5.3.4.tgz 1352ms (cache miss)
1532 http fetch GET 200 https://registry.npmjs.org/react-smooth/-/react-smooth-4.0.4.tgz 1366ms (cache miss)
1533 http fetch GET 200 https://registry.npmjs.org/csstype/-/csstype-3.2.3.tgz 1366ms (cache miss)
1534 http fetch GET 200 https://registry.npmjs.org/@nodelib/fs.walk/-/fs.walk-1.2.8.tgz 1405ms (cache miss)
1535 http fetch GET 200 https://registry.npmjs.org/fast-glob/-/fast-glob-3.3.3.tgz 1461ms (cache miss)
1536 http fetch GET 200 https://registry.npmjs.org/@alloc/quick-lru/-/quick-lru-5.2.0.tgz 1537ms (cache miss)
1537 http fetch GET 200 https://registry.npmjs.org/swr/-/swr-2.4.0.tgz 1560ms (cache miss)
1538 http fetch GET 200 https://registry.npmjs.org/@next/env/-/env-14.1.0.tgz 1611ms (cache miss)
1539 http fetch GET 200 https://registry.npmjs.org/@types/prop-types/-/prop-types-15.7.15.tgz 1612ms (cache miss)
1540 http fetch GET 200 https://registry.npmjs.org/glob-parent/-/glob-parent-5.1.2.tgz 1601ms (cache miss)
1541 http fetch GET 200 https://registry.npmjs.org/fdir/-/fdir-6.5.0.tgz 1607ms (cache miss)
1542 http fetch GET 200 https://registry.npmjs.org/motion-dom/-/motion-dom-11.18.1.tgz 1704ms (cache miss)
1543 http fetch GET 200 https://registry.npmjs.org/glob-parent/-/glob-parent-5.1.2.tgz 1608ms (cache miss)
1544 http fetch GET 200 https://registry.npmjs.org/react-is/-/react-is-16.13.1.tgz 1618ms (cache miss)
1545 http fetch GET 200 https://registry.npmjs.org/picomatch/-/picomatch-4.0.3.tgz 1626ms (cache miss)
1546 http fetch GET 200 https://registry.npmjs.org/react/-/react-18.2.0.tgz 1659ms (cache miss)
1547 http fetch GET 200 https://registry.npmjs.org/resolve/-/resolve-1.22.11.tgz 1781ms (cache miss)
1548 http fetch GET 200 https://registry.npmjs.org/react-dom/-/react-dom-18.2.0.tgz 1795ms (cache miss)
1549 http fetch GET 200 https://registry.npmjs.org/tailwind-merge/-/tailwind-merge-2.6.1.tgz 1853ms (cache miss)
1550 http fetch GET 200 https://registry.npmjs.org/postcss/-/postcss-8.5.6.tgz 1860ms (cache miss)
1551 http fetch GET 200 https://registry.npmjs.org/postcss/-/postcss-8.4.31.tgz 1917ms (cache miss)
1552 http fetch GET 200 https://registry.npmjs.org/@types/react/-/react-18.3.28.tgz 2006ms (cache miss)
1553 http fetch GET 200 https://registry.npmjs.org/fast-equals/-/fast-equals-5.4.0.tgz 2105ms (cache miss)
1554 http fetch GET 200 https://registry.npmjs.org/autoprefixer/-/autoprefixer-10.4.27.tgz 2218ms (cache miss)
1555 http fetch GET 200 https://registry.npmjs.org/@types/react-dom/-/react-dom-18.3.7.tgz 2217ms (cache miss)
1556 http fetch GET 200 https://registry.npmjs.org/dom-helpers/-/dom-helpers-5.2.1.tgz 2384ms (cache miss)
1557 http fetch GET 200 https://registry.npmjs.org/axios/-/axios-1.13.5.tgz 2416ms (cache miss)
1558 http fetch GET 200 https://registry.npmjs.org/@types/node/-/node-20.19.34.tgz 2445ms (cache miss)
1559 http fetch GET 200 https://registry.npmjs.org/@babel/runtime/-/runtime-7.28.6.tgz 2697ms (cache miss)
1560 http fetch GET 200 https://registry.npmjs.org/sucrase/-/sucrase-3.35.1.tgz 2824ms (cache miss)
1561 http fetch GET 200 https://registry.npmjs.org/@swc/helpers/-/helpers-0.5.2.tgz 2931ms (cache miss)
1562 http fetch GET 200 https://registry.npmjs.org/tailwindcss/-/tailwindcss-3.4.19.tgz 3024ms (cache miss)
1563 http fetch GET 200 https://registry.npmjs.org/recharts/-/recharts-2.15.4.tgz 3380ms (cache miss)
1564 http fetch GET 200 https://registry.npmjs.org/@tanstack/query-core/-/query-core-5.90.20.tgz 3430ms (cache miss)
1565 http fetch GET 200 https://registry.npmjs.org/victory-vendor/-/victory-vendor-36.9.2.tgz 3444ms (cache miss)
1566 http fetch GET 200 https://registry.npmjs.org/lodash/-/lodash-4.17.23.tgz 3469ms (cache miss)
1567 http fetch GET 200 https://registry.npmjs.org/typescript/-/typescript-5.9.3.tgz 3497ms (cache miss)
1568 http fetch GET 200 https://registry.npmjs.org/@tanstack/react-query/-/react-query-5.90.21.tgz 3518ms (cache miss)
1569 http fetch GET 200 https://registry.npmjs.org/next 3302ms (cache miss)
1570 silly packumentCache corgi:https://registry.npmjs.org/next set size:undefined disposed:false
1571 http fetch GET 200 https://registry.npmjs.org/framer-motion/-/framer-motion-11.18.2.tgz 5134ms (cache miss)
1572 http fetch GET 200 https://registry.npmjs.org/caniuse-lite/-/caniuse-lite-1.0.30001774.tgz 5622ms (cache miss)
1573 http fetch GET 200 https://registry.npmjs.org/@next/swc-darwin-arm64/-/swc-darwin-arm64-14.1.0.tgz 6447ms (cache miss)
1574 http fetch GET 200 https://registry.npmjs.org/lucide-react/-/lucide-react-0.312.0.tgz 7817ms (cache miss)
1575 http fetch GET 200 https://registry.npmjs.org/date-fns/-/date-fns-3.6.0.tgz 7832ms (cache miss)
1576 http fetch GET 200 https://registry.npmjs.org/next/-/next-14.1.0.tgz 9826ms (cache miss)
1577 warn deprecated next@14.1.0: This version has a security vulnerability. Please upgrade to a patched version. See https://nextjs.org/blog/security-update-2025-12-11 for more details.
1578 info run fsevents@2.3.3 install node_modules/fsevents node-gyp rebuild
1579 info run fsevents@2.3.3 install { code: 1, signal: null }
1580 verbose reify failed optional dependency /Users/franciscotaveira.ads/Documents/antigravity-kit/LUNA_OS/frontend/node_modules/fsevents
1581 silly reify mark deleted [
1581 silly reify   '/Users/franciscotaveira.ads/Documents/antigravity-kit/LUNA_OS/frontend/node_modules/fsevents'
1581 silly reify ]
1582 silly ADD node_modules/d3-path
1583 silly ADD node_modules/d3-time-format
1584 silly ADD node_modules/d3-format
1585 silly ADD node_modules/d3-color
1586 silly ADD node_modules/internmap
1587 silly ADD node_modules/@types/d3-path
1588 silly ADD node_modules/@types/d3-color
1589 silly ADD node_modules/d3-timer
1590 silly ADD node_modules/d3-time
1591 silly ADD node_modules/d3-shape
1592 silly ADD node_modules/d3-scale
1593 silly ADD node_modules/d3-interpolate
1594 silly ADD node_modules/d3-ease
1595 silly ADD node_modules/d3-array
1596 silly ADD node_modules/@types/d3-timer
1597 silly ADD node_modules/@types/d3-time
1598 silly ADD node_modules/@types/d3-shape
1599 silly ADD node_modules/@types/d3-scale
1600 silly ADD node_modules/@types/d3-interpolate
1601 silly ADD node_modules/@types/d3-ease
1602 silly ADD node_modules/@types/d3-array
1603 silly ADD node_modules/escalade
1604 silly ADD node_modules/is-number
1605 silly ADD node_modules/thenify
1606 silly ADD node_modules/thenify-all
1607 silly ADD node_modules/any-promise
1608 silly ADD node_modules/@jridgewell/resolve-uri
1609 silly ADD node_modules/@jridgewell/trace-mapping
1610 silly ADD node_modules/@jridgewell/sourcemap-codec
1611 silly ADD node_modules/ts-interface-checker
1612 silly ADD node_modules/tinyglobby
1613 silly ADD node_modules/tinyglobby/node_modules/picomatch
1614 silly ADD node_modules/tinyglobby/node_modules/fdir
1615 silly ADD node_modules/pirates
1616 silly ADD node_modules/mz
1617 silly ADD node_modules/lines-and-columns
1618 silly ADD node_modules/commander
1619 silly ADD node_modules/@jridgewell/gen-mapping
1620 silly ADD node_modules/queue-microtask
1621 silly ADD node_modules/supports-preserve-symlinks-flag
1622 silly ADD node_modules/path-parse
1623 silly ADD node_modules/is-core-module
1624 silly ADD node_modules/pify
1625 silly ADD node_modules/util-deprecate
1626 silly ADD node_modules/cssesc
1627 silly ADD node_modules/camelcase-css
1628 silly ADD node_modules/read-cache
1629 silly ADD node_modules/is-extglob
1630 silly ADD node_modules/binary-extensions
1631 silly ADD node_modules/to-regex-range
1632 silly ADD node_modules/reusify
1633 silly ADD node_modules/run-parallel
1634 silly ADD node_modules/fastq
1635 silly ADD node_modules/@nodelib/fs.scandir
1636 silly ADD node_modules/merge2
1637 silly ADD node_modules/@nodelib/fs.walk
1638 silly ADD node_modules/@nodelib/fs.stat
1639 silly ADD node_modules/fill-range
1640 silly ADD node_modules/picomatch
1641 silly ADD node_modules/readdirp
1642 silly ADD node_modules/is-binary-path
1643 silly ADD node_modules/fsevents
1644 silly ADD node_modules/braces
1645 silly ADD node_modules/anymatch
1646 silly ADD node_modules/sucrase
1647 silly ADD node_modules/resolve
1648 silly ADD node_modules/postcss-selector-parser
1649 silly ADD node_modules/postcss-nested
1650 silly ADD node_modules/postcss-load-config
1651 silly ADD node_modules/postcss-js
1652 silly ADD node_modules/postcss-import
1653 silly ADD node_modules/object-hash
1654 silly ADD node_modules/normalize-path
1655 silly ADD node_modules/micromatch
1656 silly ADD node_modules/lilconfig
1657 silly ADD node_modules/jiti
1658 silly ADD node_modules/is-glob
1659 silly ADD node_modules/glob-parent
1660 silly ADD node_modules/fast-glob
1661 silly ADD node_modules/fast-glob/node_modules/glob-parent
1662 silly ADD node_modules/dlv
1663 silly ADD node_modules/didyoumean
1664 silly ADD node_modules/chokidar
1665 silly ADD node_modules/chokidar/node_modules/glob-parent
1666 silly ADD node_modules/arg
1667 silly ADD node_modules/@alloc/quick-lru
1668 silly ADD node_modules/use-sync-external-store
1669 silly ADD node_modules/dequal
1670 silly ADD node_modules/client-only
1671 silly ADD node_modules/decimal.js-light
1672 silly ADD node_modules/dom-helpers
1673 silly ADD node_modules/@babel/runtime
1674 silly ADD node_modules/object-assign
1675 silly ADD node_modules/react-transition-group
1676 silly ADD node_modules/prop-types
1677 silly ADD node_modules/prop-types/node_modules/react-is
1678 silly ADD node_modules/fast-equals
1679 silly ADD node_modules/victory-vendor
1680 silly ADD node_modules/tiny-invariant
1681 silly ADD node_modules/recharts-scale
1682 silly ADD node_modules/react-smooth
1683 silly ADD node_modules/react-is
1684 silly ADD node_modules/lodash
1685 silly ADD node_modules/eventemitter3
1686 silly ADD node_modules/scheduler
1687 silly ADD node_modules/js-tokens
1688 silly ADD node_modules/loose-envify
1689 silly ADD node_modules/source-map-js
1690 silly ADD node_modules/nanoid
1691 silly ADD node_modules/streamsearch
1692 silly ADD node_modules/styled-jsx
1693 silly ADD node_modules/graceful-fs
1694 silly ADD node_modules/busboy
1695 silly ADD node_modules/@swc/helpers
1696 silly ADD node_modules/@next/swc-win32-x64-msvc
1697 silly ADD node_modules/@next/swc-win32-ia32-msvc
1698 silly ADD node_modules/@next/swc-win32-arm64-msvc
1699 silly ADD node_modules/@next/swc-linux-x64-musl
1700 silly ADD node_modules/@next/swc-linux-x64-gnu
1701 silly ADD node_modules/@next/swc-linux-arm64-musl
1702 silly ADD node_modules/@next/swc-linux-arm64-gnu
1703 silly ADD node_modules/@next/swc-darwin-x64
1704 silly ADD node_modules/@next/swc-darwin-arm64
1705 silly ADD node_modules/@next/env
1706 silly ADD node_modules/mime-db
1707 silly ADD node_modules/dunder-proto
1708 silly ADD node_modules/math-intrinsics
1709 silly ADD node_modules/has-symbols
1710 silly ADD node_modules/gopd
1711 silly ADD node_modules/get-proto
1712 silly ADD node_modules/function-bind
1713 silly ADD node_modules/es-object-atoms
1714 silly ADD node_modules/es-define-property
1715 silly ADD node_modules/call-bind-apply-helpers
1716 silly ADD node_modules/tslib
1717 silly ADD node_modules/motion-utils
1718 silly ADD node_modules/motion-dom
1719 silly ADD node_modules/has-tostringtag
1720 silly ADD node_modules/get-intrinsic
1721 silly ADD node_modules/es-errors
1722 silly ADD node_modules/delayed-stream
1723 silly ADD node_modules/mime-types
1724 silly ADD node_modules/hasown
1725 silly ADD node_modules/es-set-tostringtag
1726 silly ADD node_modules/combined-stream
1727 silly ADD node_modules/asynckit
1728 silly ADD node_modules/update-browserslist-db
1729 silly ADD node_modules/node-releases
1730 silly ADD node_modules/electron-to-chromium
1731 silly ADD node_modules/baseline-browser-mapping
1732 silly ADD node_modules/proxy-from-env
1733 silly ADD node_modules/form-data
1734 silly ADD node_modules/follow-redirects
1735 silly ADD node_modules/postcss-value-parser
1736 silly ADD node_modules/picocolors
1737 silly ADD node_modules/fraction.js
1738 silly ADD node_modules/caniuse-lite
1739 silly ADD node_modules/browserslist
1740 silly ADD node_modules/csstype
1741 silly ADD node_modules/@types/prop-types
1742 silly ADD node_modules/undici-types
1743 silly ADD node_modules/@tanstack/query-core
1744 silly ADD node_modules/typescript
1745 silly ADD node_modules/tailwindcss
1746 silly ADD node_modules/tailwind-merge
1747 silly ADD node_modules/swr
1748 silly ADD node_modules/recharts
1749 silly ADD node_modules/react-dom
1750 silly ADD node_modules/next
1751 silly ADD node_modules/next/node_modules/postcss
1752 silly ADD node_modules/lucide-react
1753 silly ADD node_modules/framer-motion
1754 silly ADD node_modules/date-fns
1755 silly ADD node_modules/clsx
1756 silly ADD node_modules/axios
1757 silly ADD node_modules/postcss
1758 silly ADD node_modules/autoprefixer
1759 silly ADD node_modules/@types/react-dom
1760 silly ADD node_modules/@types/react
1761 silly ADD node_modules/@types/node
1762 silly ADD node_modules/react
1763 silly ADD node_modules/@tanstack/react-query
1764 verbose cwd /Users/franciscotaveira.ads/Documents/antigravity-kit/LUNA_OS/frontend
1765 verbose os Darwin 25.2.0
1766 verbose node v24.11.0
1767 verbose npm  v11.6.1
1768 notice
1768 notice New [33mminor[39m version of npm available! [33m11.6.1[39m -> [34m11.11.0[39m
1768 notice Changelog: [34mhttps://github.com/npm/cli/releases/tag/v11.11.0[39m
1768 notice To update run: [4mnpm install -g npm@11.11.0[24m
1768 notice  { force: true, Symbol(proc-log.meta): true }
1769 verbose exit 0
1770 info ok
